UniqueCount	AmbigCount
3298	0
311	0
746	0
4	0
4	0
680	0
27	0
573	0
1003	0
1004	0
1735	0
0	0
72	0
1	0
808	0
129	0
558	0
4472	41
3439	0
20	0
0	0
2	0
21	6
257	0
841	0
401	0
261	0
164	0
143	0
0	0
3	0
708	0
451	0
438	0
0	0
140	0
602	0
498	0
816	0
175	0
0	0
3	4
24	0
690	0
0	0
0	0
8	0
448	0
11	0
313	0
236	0
48	0
1	0
1471	0
20	0
31	0
0	0
195	0
0	0
277	0
1467	1
7	0
17	0
139	0
460	0
175	0
1269	0
0	0
3	0
1481	0
1552	0
2182	0
420	0
218	0
959	0
387	0
809	0
7922	0
155	0
191	0
4	0
537	0
126	0
83	0
287	0
530	0
2432	0
76	0
0	0
107	0
1879	0
34	0
23	0
113	0
64	0
848	0
35	0
131	0
597	0
31	0
14	0
368	0
299	1655
369	0
1512	0
472	0
39	0
205	0
486	0
138	0
163	0
2	0
4153	0
452	0
201	1655
17698	0
0	114
31	141
932	114
0	141
156	0
43	0
471	0
334	0
271	0
1005	0
57	0
117	0
1554	0
196	0
95	0
87	0
482	0
32	0
46	13
50	0
62	0
24	0
53	0
1166	0
0	0
1	0
0	2
23	164
1528	0
244	0
4273	0
265	0
31	0
64	0
0	0
145	0
19	0
4	0
7	0
511	0
0	0
17	0
124	72
14	0
60	0
3025	0
4753	0
105	139
197	0
38	0
424	0
317	0
62	0
115	0
288	0
104	0
347	0
1773	0
67	0
109	0
4	0
2019	0
429	0
642	0
599	0
25	0
42	0
64	0
30	0
83	0
39	0
19	0
268	0
37	0
724	0
812	0
1167	0
40	0
456	0
17	0
8	0
376	0
708	0
7	0
0	0
0	0
1	0
0	0
617	0
23	0
1219	158
175	0
732	0
590	0
5360	0
4726	0
38	0
530	0
870	0
60	0
241	0
0	0
0	2
0	0
4	0
6	0
0	0
70	0
2	0
2	0
31	0
189	0
7914	0
98	0
241	0
3	0
0	0
32	0
70	0
60	0
805	0
0	0
94	0
26	0
16	0
189	0
276	0
218	0
2614	0
107	4
19	2
1	2
61	0
777	0
371	0
72	0
76	7
3	0
22	0
272	0
204	0
316	0
28566	0
657	0
479	0
837	0
0	0
1106	0
12	0
2	0
127	0
662	0
63	0
1862	0
133	0
241	0
0	0
393	0
187	0
240	0
64	0
13	0
1	0
190	0
596	0
3624	0
0	0
10	171
54	171
92	16
40	0
217	0
4	0
0	0
0	0
15	0
0	0
0	0
0	0
0	2
2	0
26594	2
1418	0
0	0
0	0
1371	15
24	0
54	0
195	0
141	0
278	0
0	0
23	0
274	0
845	0
3179	0
258	0
1712	0
0	0
5	0
0	0
5	0
0	0
0	0
0	0
0	0
0	0
261	0
206	0
463	0
165	0
323	1
280	0
112	0
2	0
196	0
102	45
76	57
164	0
151	0
34	0
346	0
6	0
11	0
482	0
2	40
0	1
1	0
1	0
2	1
14	40
0	0
406	0
235	2
278	0
364	0
138	0
41	0
262	0
44	0
75	0
71	0
494	0
82	0
6	0
587	0
21	0
312	0
0	0
2165	0
0	0
0	0
104	0
69	0
25	9
13	11
41	0
290	0
349	0
13	0
113	37
42	0
5	0
14	0
6	5
298	5
1178	2
165	0
234	0
151	0
0	0
24	0
6	4
0	0
13	0
32	0
81	0
51	0
375	0
31	0
4	0
0	0
449	0
415	0
60	0
274	0
349	0
464	0
2206	0
1101	0
0	0
2267	0
80	0
11	0
42	8
0	0
40	0
0	80
1291	0
79	0
134	0
206	0
76	0
175	0
172	0
48	0
74	0
50	0
824	0
756	0
1793	0
204	0
62	0
14	0
13	0
225	0
58	0
377	0
234	0
74	0
278	0
994	0
1241	0
199	0
7463	0
74	0
109	0
229	0
74	0
645	0
146	0
2301	0
189	0
486	2
4424	0
50	1
94	0
9	0
24	0
35	0
76	0
279	0
219	0
70	0
12	0
0	0
241	0
106	0
125	0
286	0
899	0
3189	0
428	0
147	1
36	0
80	0
5650	0
99	0
245	0
0	0
582	0
28	0
4	0
730	0
209	0
1	0
72	0
4	0
0	0
120	0
131	0
5494	0
11	0
2	0
178	0
48	0
120	0
2	0
0	0
2223	0
0	0
1450	16
3426	0
203	0
80	0
73	0
175	0
71	0
2	0
0	0
0	0
974	0
206	0
359	0
366	0
47	0
673	0
2081	0
2456	0
145	0
6	0
9	0
935	0
130	0
189	0
112	0
7	0
0	0
59	0
1537	0
17	0
126	0
34	0
44	0
158	0
166	0
176	0
39	0
112	0
137	0
107	0
92	0
5	0
59	0
28	0
0	0
163	0
0	0
244	0
242	0
5	0
35	0
400	0
14	0
109	0
18	0
100	247
2398	0
14012	0
735	0
0	0
67	0
458	0
13	0
141	0
110	0
5	0
42	0
5	0
8	0
16	0
73	0
48	0
158	0
92	0
1307	0
0	1
0	0
0	1
27	0
34	0
178	0
72	0
12	0
24	0
0	0
71	0
251	0
414	0
7	0
1	0
77	0
516	0
1	0
99	0
295	0
356	0
103	0
884	0
358	0
39	0
421	0
152	0
60	0
13	0
50	0
42	0
218	0
718	0
10	0
14	0
0	0
251	0
92	0
88	0
22	0
19	0
0	0
0	0
15	0
17	0
104	0
338	0
2315	0
3809	0
43	0
83	0
167	0
25	0
76	0
130	0
574	0
19	0
437	0
1434	0
5	0
2	0
0	0
141	0
1	0
9	0
547	0
623	0
289	0
0	0
16	0
13	0
3	0
306	0
158	0
86	0
717	0
5	0
13	0
169	0
33	0
16	0
81	0
448	0
134	0
143	0
4	0
6	0
2	0
390	0
331	0
153	0
99	0
0	0
880	0
309	0
137	0
0	0
323	0
0	0
7	0
164	0
0	0
104	0
290	0
492	0
92	0
13	0
36	0
1458	0
271	0
304	0
6	0
8	0
1	0
2	0
4	0
0	0
0	0
0	0
305	0
176	0
2049	0
353	0
33	0
32	0
217	0
0	0
777	0
1140	0
179	0
672	0
78	0
514	0
25	0
32	0
103	0
330	0
54	0
49	0
217	0
762	0
47	0
2	0
9	0
283	0
91	0
124	0
244	0
441	0
1447	0
13	0
28	0
773	0
1900	0
138	0
114	0
306	0
179	0
407	0
281	0
1261	0
0	0
106	0
55	0
76	0
61	5
451	0
2257	0
13	0
93	0
74	0
109	0
1	0
459	0
0	0
0	0
0	0
0	0
34	0
0	0
0	0
159	0
165	0
22	0
1109	0
55	0
135	0
16	0
0	0
475	0
25	0
13	0
0	0
21	0
62	0
19	0
135	0
28	0
30	0
22	0
9	0
4	0
23	0
43	0
1	0
31	0
17	0
0	0
213	0
2	0
7	0
43	0
1	0
53	0
0	0
92	0
0	0
25	0
0	0
1376	0
304	0
14	0
245	4
102	4
24	0
2486	0
70	0
41	0
142	0
6250	0
1188	0
381	0
224	0
0	0
2409	0
26	0
4	0
8	0
0	0
18	0
182	0
434	0
435	0
79	0
141	0
226	0
731	0
634	0
22713	0
5	0
1836	0
1590	0
139	0
7179	0
174	0
448	0
113	0
1297	0
200	0
167	0
146	0
270	0
388	0
18	0
59	0
1564	0
82	0
113	0
8	0
75385	154515
2896	154515
798	0
368	0
1297	0
374	0
23	0
126	0
690	0
51	0
1095	0
368	0
256	0
164	0
105	0
4761	0
40	2
357	0
212	0
599	0
8	0
445	0
64	0
12	0
34	0
106	0
56	0
121	0
1031	0
359	0
31	0
50	0
829	0
69	0
134	0
84	0
813	0
3	0
0	0
0	0
3	0
0	0
0	0
0	0
0	0
154	0
0	0
0	0
0	0
5	0
3	0
0	0
647	12
242	12
18	0
83	0
239	0
2182	0
554	0
71	0
2498	0
1065	0
0	1
0	0
148	0
132	0
1049	0
795	0
67	0
333	0
336	0
496	0
239	0
1085	0
1489	0
161	95
26	0
41	0
3290	0
142	0
161	28
119	0
8	0
336	0
6	0
0	0
4	0
283	0
113	0
94	0
2	0
31	0
22	0
2	0
54	0
117	0
55	0
223	0
44	0
49	0
1210	0
223	0
449	0
642	10
283	0
2	3
34	0
8	0
6	1
142	0
4636	0
0	0
0	0
1	0
0	0
0	0
1	0
0	0
0	0
0	0
0	0
755	5
64	0
2575	0
94	0
4	0
6	0
0	0
122	0
12	0
30	0
109	0
122	0
430	0
710	0
0	0
0	0
0	0
0	0
0	0
0	0
1546	0
0	0
0	0
0	0
0	0
17	0
199	132
390	0
4	0
0	0
0	0
0	0
7	0
2	0
0	0
6	0
803	0
584	1
214	0
1	0
1	0
3	0
5153	0
10	0
16	0
89	6
138	0
0	0
39	0
2	0
289	0
4	0
9	0
7	0
228	0
329	0
0	0
73	0
0	0
0	0
1	0
401	0
199	0
2	0
241	0
1	0
2	0
0	0
80	0
46	0
1223	0
63	0
145	0
34	0
559	0
4514	0
302	0
3	0
136	0
31	0
0	0
16	0
163	0
628	0
129	0
1164	0
14	0
236	0
262	0
445	0
161	0
38	0
0	11
13	11
26	0
88	0
50	0
1760	0
123	0
249	0
80	0
6844	0
20	0
1557	0
36	0
31	0
53	0
29	0
992	0
242	0
106	0
0	0
0	0
1	0
36	0
117	0
28	0
0	0
32	0
0	0
0	0
3	0
0	0
91	0
73	0
127	0
4	0
439	0
6908	0
48	0
29	0
51	0
10	0
19	0
0	0
115	0
0	0
83	0
90	0
3705	0
44	0
28	0
15	0
65	0
75	0
89	0
1371	0
0	0
63	0
858	0
117	0
735	0
393	0
117	0
6	0
182	0
179	0
11	0
97	0
11	0
25	0
184	0
60	0
669	0
15	0
332	0
43	0
202	0
8	0
1352	0
15	0
403	0
12	0
534	0
580	0
85	0
68	0
124	0
157	0
0	0
0	0
0	0
443	0
64	0
235	0
0	0
608	0
407	0
27	0
291	0
327	0
358	0
199	0
125	0
86	80
83	0
383	0
1120	0
231	0
39	2
28	0
243	11
313	0
325	0
713	0
5	0
69	0
51	0
10839	0
7770	0
2533	0
644	0
463	0
79	0
1302	0
0	0
0	0
693	0
96	0
1	0
1991	0
14	0
0	0
327	0
57	0
61	0
0	0
33	0
165	0
220	0
47	68
130	95
254	31
1015	0
99	0
948	0
13	0
601	0
302	0
212	0
31	0
115	0
17	0
7	0
35	0
52	0
125	0
48	0
397	0
3	0
1863	0
29	0
7149	0
1044	0
645	0
67	0
344	0
78	0
67	0
162	0
9	0
9	0
118	0
34	1
542	1
15	0
3306	0
97	0
357	0
0	0
59	0
280	0
873	0
154	0
261	0
63	0
8	0
0	0
4457	0
642	0
183	0
290	0
2999	0
0	0
0	0
0	0
0	0
4	0
2648	0
66	0
172	0
14	0
669	0
164	0
111	0
339	0
315	0
419	0
2095	0
43	0
4	0
9522	0
3177	0
10602	0
3	0
10	0
13	0
250	0
4162	0
11	0
17	0
26	0
0	0
0	0
0	0
0	0
0	0
2	0
20	0
0	0
0	0
0	0
0	0
0	0
0	0
0	0
0	0
0	0
0	0
2	0
0	0
0	0
299	0
6	0
539	0
84	0
1	0
44	0
10	0
74	0
94	0
37	0
5	0
0	5
7	5
73	0
16	0
278	0
93	0
3	0
0	0
0	6
8	0
9	0
4176	0
626	0
34	0
1978	0
538	0
266	0
302	0
242	0
16	0
127	0
99	0
187	0
20	0
156	0
99	0
121	0
8	0
37	0
127	0
18	0
2	0
27	0
0	0
191	0
19	0
178	0
48	0
26	0
15	0
4178	0
21	0
325	0
465	0
815	0
0	0
7	0
3	0
6	0
1	0
3	0
3	0
8	0
1	0
32	0
89	0
75	0
25	0
0	0
34	0
332	0
42	0
256	0
933	0
65	0
52	0
15	0
72	0
2	0
440	0
1922	0
21	0
1350	0
1272	0
867	0
80	0
136	0
411	0
12	0
164	0
1801	0
143	0
111	0
42	0
27	0
38	0
1640	0
1378	0
85	0
1037	0
237	0
250	0
73	0
550	0
25	0
15	0
193	0
152	0
5	0
104	0
689	0
86	0
38	0
639	0
326	0
434	0
861	0
109	0
43	0
4	0
3	0
61	0
1069	0
74	0
1001	0
37	0
6	0
2	0
1	0
0	0
0	0
0	0
0	0
0	0
0	0
0	0
0	0
0	0
3	0
1	0
0	0
19	0
902	0
277	0
872	0
243	0
75	0
14	0
372	0
25	0
13	0
21	0
8	0
98	0
45	0
2	0
307	0
19	0
31	0
2	0
341	0
0	0
2	0
18	0
2	0
0	0
256	0
108	0
4	0
503	0
21	0
177	0
5	0
436	0
141	0
152	0
117	0
0	0
5	0
4	0
0	0
1	0
0	0
0	0
5	0
351	0
1485	0
51	0
29	0
6	0
2	0
4516	0
1	0
3	0
2	0
2	0
7	0
24	0
188	0
2296	0
14	0
74	0
17	1
523	0
0	0
7	0
4	0
23	3
55	3
119	0
28	0
1107	0
419	0
188	0
335	0
30	0
48	0
162	0
31	0
24	0
369	0
128	0
105	0
29	0
30	0
1511	0
67	0
806	0
244	0
1550	0
415	0
203	0
217	0
29	0
281	0
0	0
0	0
1583	0
334	0
62	0
5	0
0	0
11	0
4111	0
0	0
4	0
0	0
0	0
0	0
381	0
4	0
49	0
79	0
0	0
174	0
164	0
33	0
16	0
70	0
17	0
2540	0
3186	0
5	0
141	0
61	0
63	0
0	0
0	0
0	0
58	0
10	0
3	0
328	0
26	0
158	0
10	0
755	0
0	0
1	0
489	0
6	0
641	0
45	0
1512	0
0	0
4	0
396	0
233	0
86	0
42	0
117	0
74	0
87	0
1179	0
7	0
13	1
62	0
1376	0
224	0
195	0
3849	0
76	0
0	0
0	0
208	0
0	0
131	0
385	0
12	0
3	0
192	0
18	0
106	0
13	0
1797	0
81	0
5	0
40	0
827	0
20	0
3	0
1416	0
88	0
542	0
1594	0
71	0
276	0
32	0
76	0
20	0
16	0
0	0
47167	0
1782	0
891	0
344	0
272	0
15	0
11	0
176	0
0	0
26	0
30	0
227	0
108	0
165	0
14	0
44	0
792	0
10	0
0	0
4	0
0	0
5	0
0	0
0	0
0	0
62	0
7	0
8	0
51	0
223	0
550	0
196	0
0	0
23	0
16	0
0	0
0	0
0	0
174	0
23	0
78	0
67	0
37	0
0	0
0	0
0	0
58	0
7	0
1	0
31	0
181	0
21	0
0	0
209	0
12	0
13	0
180	0
37	0
25	0
69	14
23	0
783	0
7	0
14	0
7458	0
167	0
238	0
762	0
68	0
0	0
5	0
5	0
3	0
96	0
91	0
1501	0
162	0
359	0
460	3
179	0
317	0
99	0
412	0
64	0
36	0
0	0
70	0
0	0
0	0
0	0
0	0
0	0
0	0
0	0
0	0
3	0
6	0
0	0
1	0
0	0
0	0
0	0
0	0
0	0
0	0
0	0
0	0
0	0
0	0
2	0
2	0
2611	0
190	0
528	0
385	0
34	0
97	0
3	0
48	0
92	0
465	0
905	0
308	0
24	0
526	0
16	0
22	0
73	0
244	1
13	0
86	0
364	0
212	0
15	0
338	0
51	0
288	0
83	0
449	0
35	0
1	0
0	0
7	0
0	0
439	0
102	0
644	0
142	0
687	0
0	0
318	0
3	0
0	0
0	0
3	0
2	0
0	0
0	2
0	0
0	0
0	0
2	2
0	0
0	0
0	0
0	0
0	0
0	0
0	0
0	0
1	0
3204	0
1051	0
15	0
28	0
811	0
123	0
139	0
909	0
28	0
0	0
27	0
72	0
1	0
6	0
5	0
0	0
1	0
1	0
4	0
1	0
0	0
1	0
0	0
0	0
22	0
0	0
383	0
9	0
26	0
0	0
72	0
0	0
9	0
79	0
61	0
98	0
10	0
5	0
64	0
12	0
35	0
745	0
1910	0
5	0
231	0
54	0
1075	0
1070	0
1077	0
731	0
178	0
186	0
35	0
45	0
46	0
115	0
66	0
508	0
177	0
849	0
223	0
0	0
180	0
398	0
106	0
93	0
517	0
47	0
5	0
10	0
9	0
17	0
2	0
2	0
1	0
156	0
4331	0
78	0
232	0
646	0
22	0
195	0
384	0
729	0
954	0
11	0
0	0
56	0
4	0
38	0
141	0
1857	0
5	0
142	0
14	0
0	0
210	0
13	0
8	0
19	0
277	2
274	0
5	0
0	0
0	0
0	0
0	0
3	0
13	0
4	0
271	0
293	0
165	0
357	0
501	0
105	0
48	0
719	0
270	0
626	0
10	1
265	1
5	0
24	0
0	0
95	0
1	0
179	0
24	0
199	0
186	0
0	0
0	0
0	0
65	0
0	0
0	0
25	0
0	3
16	3
32	0
19	0
5	0
279	0
217	0
4	0
7	0
22	0
77	0
0	0
14	0
0	0
6464	0
45	0
406	0
450	0
284	0
40	0
1073	0
266	0
10	0
0	0
279	0
3	0
73	0
388	0
117	0
32	0
0	0
0	0
126	0
0	0
509	0
252	0
149	0
3603	0
272	0
2774	72
230	0
51	0
566	0
349	0
159	0
189	0
326	138
3	0
3	0
66	0
20	0
159	0
8	0
311	0
2435	0
1252	0
195	0
330	0
64	0
166	0
162	0
20	0
10	0
11	0
85	1
253	0
139	0
80	0
885	0
21	0
9771	0
294	0
426	0
19	0
0	0
6	0
336	0
0	0
4	0
42	0
0	0
2	0
31	0
18	0
50	0
95	0
82	0
9	0
61	0
106	0
52	0
46	0
48	0
118	0
242	0
745	0
145	0
222	0
1	0
0	0
0	0
0	0
71	0
97	0
405	0
175	0
1169	0
352	0
4756	0
0	0
13	0
477	0
316	0
348	0
3	0
0	0
1	0
0	0
0	0
2	0
0	0
0	0
0	0
102	2
0	0
0	0
0	0
0	0
0	0
0	0
0	0
0	0
0	0
0	0
0	0
0	0
0	0
0	0
0	0
0	0
0	0
0	0
0	0
0	0
0	0
0	0
0	0
0	0
0	0
0	0
0	0
0	0
0	0
0	0
0	0
5	0
0	0
0	0
0	0
4136	0
0	0
22	0
0	0
0	0
0	0
0	0
118	0
1335	0
111	0
52	0
51	0
195	0
100	0
671	0
33	0
207	0
68	0
1089	0
23	0
49	0
0	0
0	1
0	0
0	1
19	0
649	0
111	0
7	0
3	0
28	0
0	0
2	3
11	3
257	0
15	0
662	7
3	0
2357	0
2	0
247	0
488	0
18	0
298	0
584	0
2608	0
0	0
597	0
1171	0
84	0
5	0
254	0
7	0
15936	0
0	2
177	0
147	0
2	0
174	0
35	0
230	0
16	0
0	0
21	0
156	0
1	0
986	30
1274	0
1448	0
34	0
226	0
543	0
220	0
158	0
403	0
292	0
814	0
31	0
212	0
139	0
353	0
147	0
48	0
146	0
140	0
172	0
1	0
9	0
2	0
128270	31001
44420	53498
192	0
11830	43613
83	0
770	0
446	0
254	0
107	0
547	0
0	0
236	0
29	0
0	0
5	6
0	6
0	0
3	0
0	0
0	0
0	0
0	0
0	0
0	0
0	0
0	0
0	0
0	0
0	0
404	256
6	0
5	0
193	0
22	0
2390	0
257	0
907	0
183	0
530	0
29	0
207	0
6	0
906	0
314	0
146	0
204	0
37	0
1431	0
141	0
11	0
26	0
509	0
21	0
0	0
15	0
1	2
3	2
18	0
288	0
923	0
304	0
0	0
71	0
468	0
722	0
69	0
476	0
58	0
158	0
224	0
0	0
0	0
0	0
645	0
3	0
79	0
578	2
7	0
30	1
12	2
90	0
41	0
359	0
0	0
11	0
0	0
409	0
0	0
179	0
19	0
12	0
417	0
1182	0
29	0
19	0
6	0
19	0
3084	0
2	0
535	0
0	0
10	0
0	0
0	0
7	0
0	0
121	0
205	0
152	0
42	0
42	0
0	0
0	0
0	0
0	0
0	0
40	0
121	0
1	0
3	0
17	0
135	0
9	0
760	0
19	0
0	0
867	0
18	0
2935	0
593	0
6	0
0	0
2	0
61	0
623	0
113	0
6	0
79	0
147	0
152	0
0	0
0	0
0	0
57	0
1413	0
2021	0
42	0
301	0
10220	0
107	0
2	1
8	0
239	0
407	0
1541	0
87	4
154	0
61	0
165	0
133	0
579	0
6673	0
1865	0
107	0
292	0
16	0
214	0
19	0
7	0
49	0
110	0
344	0
3803	0
316	0
3	0
5	0
10	0
311	0
29	0
15	0
6	0
10	0
14	0
465	0
85	0
93	0
555	0
110	0
4	0
0	0
0	0
0	0
0	0
0	0
1	0
0	0
183	0
2317	0
193295	23
5	0
11	37
19	9
369	0
43	0
9	0
5	0
49	4
101	0
465	0
27	0
0	0
902	0
75	0
697	0
828	0
457	0
3	0
55	0
111	0
550	0
14	0
2	0
5	0
31	0
0	0
0	0
0	0
0	0
0	0
0	0
0	0
0	0
0	0
1	0
0	0
231	0
0	0
0	0
457	0
141	0
237	0
33	0
120	0
204	2
24	2
845	0
116	0
9574	0
121	0
34	0
100	0
113	0
87	0
87	0
0	0
337	0
1010	0
47	0
20	0
293	0
674	0
0	0
0	0
0	0
0	0
0	0
0	0
0	0
0	0
0	0
0	0
0	0
0	0
0	0
0	0
838	0
344	0
58	0
22	0
6	0
377	0
1606	0
354	0
36	0
67	0
483	0
141	0
2	0
7	0
52	0
19	0
367	0
204	0
327	0
568	0
306	0
1203	0
2242	0
13	0
23	0
36812	0
144	0
4	0
0	0
0	0
0	0
0	0
0	0
0	0
0	0
0	0
0	0
163	0
69	0
2	0
1	0
0	2
20	0
8	0
1	0
2	0
20	0
0	0
0	0
16	96
112	6
952	85
903	0
124	0
101	85
1151	0
243	0
695	0
1	0
22	0
48	0
3	0
2	0
63	0
195	0
361	0
364	0
401	0
418	0
251	0
5048	0
308	0
86	0
127	0
56	0
70	0
16	0
310	0
113	0
0	0
3	0
0	0
252	0
310	0
10	0
195	0
87	0
1222	0
513	0
153	0
50	2
25	0
75	0
16	0
0	0
29	0
140	0
9	0
892	0
36	0
4	0
6	0
18	0
175	0
128	0
173	0
0	0
1	0
0	0
0	0
23	0
0	0
21	0
990	0
333	0
273	0
10	5
143	5
3958	0
1	0
16	0
26	0
15	0
41	0
4	0
459	0
198	0
114	0
362	0
485	0
251	0
1633	0
60	0
156	0
695	0
760	0
49	0
86	0
187	0
882	0
500	0
271	0
140	0
228	0
354	0
1840	0
103	0
1400	0
131	0
387	0
1562	0
586	0
50	0
279	0
2776	0
27	0
29	12
0	11
0	12
15661	1
154	0
2	0
4	0
1	0
10	0
75	0
54	0
0	0
0	0
5	0
14	0
646	0
658	0
183	0
294	0
135	0
28	0
12	0
1	0
0	0
26	0
2	0
633	0
13	1
0	0
257	0
17	0
23	0
26	0
54	0
540	0
89	0
0	0
1652	0
18	0
11	0
8	0
0	0
1	0
6	0
0	0
2	0
0	0
0	0
0	0
186	0
540	0
926	0
1201	0
145	0
95	0
99	0
77	0
530	0
41	0
45	0
1	0
11	0
83	0
1	0
3	0
0	0
116	0
9	0
731	0
249	0
98	1
1307	0
45	0
31	0
53	0
129	0
997	0
289	0
11	0
9	0
174	0
85	0
320	0
52	0
121	0
0	0
200	0
33	0
411	0
1076	0
55	0
57	0
12	0
59	0
176	0
51	0
165	0
981	0
518	0
342	0
949	0
63	0
98	0
104	0
141	0
466	0
2417	0
3	0
251	0
237	0
112	0
8	0
326	0
489	0
107	0
172	0
121	0
943	0
897	0
59	0
883	0
256	0
183	0
583	0
2	0
110	0
45	0
341	0
675	0
2	0
0	0
0	0
23	0
10	0
180	0
3	0
1452	0
77	0
289	0
42	0
65	0
151	0
191	0
604	0
410	0
485	0
200	0
413	0
322	0
518	0
290	0
3332	0
232	0
122	0
487	0
1565	0
104	0
6	0
177	0
341	0
60	0
90	0
10	0
51	0
1022	0
2546	0
52	0
187	0
956	0
38	0
73	0
643	0
180	0
7	0
93	0
54	0
172	0
2496	0
114	0
18	0
166	0
2529	0
1057	0
134	0
5	0
1	0
306	0
5	0
17	0
955	0
606	0
12560	0
260	0
2282	0
52	0
314	0
197	0
40	0
120	0
67	0
16	0
61	0
586	0
21	0
200	0
1746	0
526	0
614	0
517	0
29	0
1589	0
0	0
2070	0
21	0
198	0
6992	0
199	0
15	0
54	0
206	0
0	0
73	0
3835	0
7649	0
221	0
1060	0
217	0
121	0
49	0
314	0
94	0
3	0
14	0
64	0
42	0
1347	0
240	0
1348	0
234	0
1027	0
525	0
15	0
173	0
126	0
14	0
0	0
475	0
83	0
4	0
455	0
191	0
2	0
2	0
3	0
4	0
144	0
1180	0
1571	0
2982	0
81	0
18	0
13	0
227	0
398	0
71	0
29	0
34	0
32	0
1751	0
2040	0
123	0
38	0
130	0
179	0
22	0
74	0
14	0
0	0
17	0
67	0
2421	0
2335	0
807	0
1374	0
275	0
762	0
19	0
2682	0
1	0
3	0
78	0
3093	0
686	0
431	0
571	0
362	0
451	0
286	0
234	0
324	0
62	0
2	0
18451	0
5179	0
682	0
1729	0
20	0
21	0
504	0
639	0
31	0
0	0
2176	0
149	0
300	0
551	0
414	0
59	0
27	0
10	0
0	0
335	0
12	0
0	0
0	0
0	0
0	0
0	0
0	0
0	0
0	0
0	0
0	0
102	0
249	0
65	0
277	0
202	0
15	0
1222	0
41	0
1742	0
156	0
919	0
139	0
169	0
446	0
370	0
295	0
51	0
101	0
45	0
1783	0
137	0
528	0
9721	0
374	0
492	0
254	0
141	0
105	0
3343	0
38	0
64	0
0	0
0	0
13	0
6	6
13	7
129	0
34	0
173	0
266	0
9	0
0	0
15	0
17	0
43	0
834	0
15	0
35	0
5	0
0	0
25	0
193	0
0	4
128	0
10	0
0	0
0	0
0	0
83	0
54	0
80	5
67	0
7	0
4	0
10	0
7	0
287	0
283	0
0	0
7	0
3	0
4	0
57	0
7	0
2	0
595	0
11	0
0	0
3	0
2	0
0	0
512	0
50	0
361	0
945	0
345	0
76	0
2659	0
353	0
26	0
170	0
29	0
145	0
16199	0
38	0
52	0
23	0
58	0
60	0
82	0
60	0
144	0
134	0
620	0
135	0
11	0
61	0
181	0
182	0
132	0
121	0
35	0
149	0
4	0
3	0
24	0
0	0
30	0
96	0
659	2
360	2
7	0
0	0
0	0
0	0
1	0
1	0
0	0
33	0
11	0
129	0
273	0
598	0
1939	0
171	0
33	0
1	0
142	0
24	1
8	1
1022	0
16	0
3225	0
235	0
48	0
39	0
760	0
129	0
798	0
2143	0
7	0
47	0
109	0
106	0
5	0
787	0
3	0
754	0
16	0
6	0
17	3
1638	0
220	0
579	1
168	0
5	0
66	0
81	0
3	0
269	0
271	0
262	0
338	0
432	0
287	0
34	0
245	0
15	0
2	0
10	0
993	0
461	0
8	0
14	0
119	0
132	0
2860	0
1999	0
555	0
69	0
2721	0
195	0
60	0
254	0
345	0
332	0
136	0
10	0
3035	0
1133	0
57	0
285	0
4	0
143	0
2	0
0	0
0	0
181	0
175	0
1229	0
18	0
66	0
121	0
69	0
73	0
1406	0
93	0
7	0
2	0
0	0
6	0
145	0
0	0
342	0
26	0
29	0
0	0
18	0
7	0
0	0
89	0
220	0
120	0
40	0
88	0
248	0
181	0
272	0
187	0
250	0
1125	0
378	0
11	0
62	0
1100	0
62	0
436	0
74	0
22	0
0	0
3024	0
11383	0
33	0
414	0
3061	0
1203	0
45	0
75	0
99	0
211	0
253	0
22	0
1	0
112	0
219	0
220	0
33	0
1133	0
42	0
446	0
18	0
11	0
803	0
96	0
137	0
639	0
83	0
76	0
159	0
146	0
89	0
1336	0
1289	0
0	0
13	0
16	0
757	0
2	0
9	0
156	0
21	0
108	0
6	0
364	0
199	0
3131	0
1362	0
47	0
36	0
185	0
18933	0
85	0
86	0
519	0
725	0
89	0
79	0
1682	0
108	0
250	19
3	0
37	0
115	0
649	0
0	1
2599	0
435	0
71	0
104	0
11	0
46	1
11	0
332	0
9	0
1178	0
0	0
57	0
4	0
184	0
108	1
346	0
3	0
84	0
416	0
54	0
2287	0
138	0
289	0
117	0
73	0
723	0
112	0
251	0
2226	0
80	0
1544	0
302	0
538	0
17833	0
82	0
243	0
520	0
2	0
26	0
729	0
202	0
95	0
34	0
526	0
34	0
81	0
10	0
162	0
858	0
142	0
1169	0
5	0
526	0
161	0
35	0
198	0
228	0
297	1
8643	0
56	0
398	0
157	0
7	0
73	0
32	0
0	0
18	0
370	0
143	0
7551	0
2060	0
109	0
57	0
0	0
374	0
248	0
333	0
91	0
36	0
175	0
31	0
109	0
590	0
189	0
14	0
172	0
204	0
41	0
52	0
0	0
1	0
5	0
109	0
13	0
153	0
162	0
15	0
40	0
22	0
0	0
1	0
1	0
0	0
0	0
265	0
16	0
1015	0
6610	0
439	0
52	0
126	0
0	0
7	0
13	0
510	0
17	0
12	0
9	0
25	0
29	0
31	0
99	0
162	0
47	0
18	0
40	0
116	0
61	0
4	0
2	0
1	0
203	0
30	0
129	0
90	0
2	0
21	0
54	0
19	0
701	0
243	0
0	0
3	0
6	0
43	0
43	0
21	0
251	0
335	0
134	0
312	0
2	0
96	0
203	0
57	0
10	0
3	0
13	0
455	0
0	0
15	0
0	0
32	0
4790	0
1290	0
53	0
113	0
667	0
182	0
176	0
426	2
2510	0
194	0
232	0
723	0
33	0
166	0
919	0
3729	0
0	0
0	0
167	0
254	0
13	0
0	0
24	0
0	0
0	0
69	0
28	0
0	0
131	0
982	0
0	0
0	0
4	0
0	0
72	0
70	0
15	0
0	0
12	0
309	0
284	0
274	0
84	0
179	0
116	80
21	0
1984	0
2165	0
114	0
877	0
931	0
2950	0
677	0
137	0
66	0
15	0
21	0
90	0
39	0
3	0
59	0
16	0
1134	0
4	0
1	1
2	1
1	1
5	0
2	0
33	0
0	0
31	0
0	0
10	0
25	0
0	0
64	2
594	0
1158	0
366	0
7	0
153	0
520	0
101	0
551	0
8	0
64	0
78	0
0	0
32	0
45	0
100	0
914	0
108	0
18	0
3748	0
54	0
843	0
194	0
771	0
24	0
2242	0
255	0
15	0
22	0
6	0
0	0
764	0
21	0
238	211
811	0
918	0
3391	754
64	0
27	0
9	0
122	0
3938	0
670	0
23	0
185	0
5	0
41	0
929	0
55	0
259	0
30	0
6	0
110	0
211	0
974	0
5814	0
73	0
423	0
496	0
285	0
70	0
209	0
109	0
138	0
0	0
4	0
0	0
6	0
10	0
102	0
191	0
946	0
313	0
184	0
3	0
1693	0
0	0
959	0
72	0
18	0
223	23
27	0
270	0
1211	0
2585	0
867	6
711	0
2107	0
13	0
146	0
14	1
45	0
409	5
101	1
2	5
18	1
0	1
120	0
1	0
187	0
105	0
40	0
304	0
157	0
10	0
14	0
119	0
70	0
849	3
3	0
207	0
142	0
6	41
624	0
320	0
148	0
31	0
13	0
134	0
193	0
24	0
600	0
141	0
17	0
35	0
112	0
981	0
41	0
328	0
2631	0
497	0
11	0
4	0
571	0
23	0
12	2
35	2
14	0
2850	0
23	0
101	0
31	0
97	0
13	0
294	0
4	0
60	0
0	0
1123	0
16	0
0	0
5784	0
1240	6
88	0
20	0
110	101
197	0
34	0
242	0
0	0
0	0
0	0
10	2
12	2
0	0
159	0
856	0
41	0
20	0
202	4
13	0
375	0
342	0
51	0
2501	0
1700	0
111	0
188	0
127	0
17	0
192	0
12	0
30	0
21	0
62	0
251	8
666	0
22	0
1083	0
91	0
416	0
3938	0
1981	0
404	0
120	0
54	0
218	0
374	0
3004	0
10	0
195	0
58063	0
38	0
12	0
843	0
5084	0
584	0
116	0
152	0
90	0
2226	0
3039	1519
3	0
18	0
744	0
0	0
3	0
78	0
235	0
10165	0
169	0
0	0
0	0
1	0
666	0
16	0
631	0
0	0
0	0
41	0
9	0
22	0
67	0
133	0
65	0
212	0
370	0
411	0
49	0
984	0
102	0
49	0
420	0
28	0
69	0
6	0
125	0
96	0
13	0
564	0
809	0
284	0
150	0
285	0
15	0
36	0
945	0
639	0
418	0
20	0
33	0
37	0
166	0
21	0
0	0
19	0
0	0
25	0
51	0
3	0
2	0
65946	207
39	0
1638	0
67	0
12	0
218	0
155	0
175	0
43	0
158	0
116	0
0	0
13	0
0	0
18	0
0	0
0	0
362	0
34	0
0	0
107	0
144	0
16	0
17	0
14	0
175	0
3001	0
4	0
231	0
167	0
14	1
1	0
305	0
6	0
94	0
31	0
0	0
0	0
1	0
8	0
854	0
47	0
9	0
0	0
38	0
0	0
0	0
0	0
0	0
0	1
0	1
0	1
0	0
7	0
75	0
1631	0
1301	0
8	0
27	0
15	0
82	205
2097	0
101	0
195	0
162	0
50	0
1271	82
95	0
158	1
602	0
465	0
272	0
562	0
265	0
23	0
457	0
52	0
13	0
806	1
139	19
15	0
22	11
8	0
0	0
0	0
0	0
294	0
80	0
0	0
39	0
0	0
44	0
12	0
29	0
236	0
43	0
8	0
1924	0
305	0
3770	0
897	0
351	0
4	0
1099	0
412	0
872	0
1348	0
3012	0
133	0
360	0
51	0
0	0
0	0
1209	0
1	0
217	0
125	0
46	0
74	0
27556	0
189	0
62	0
12	0
8	0
283	10
19	3
6	0
2028	0
43	0
226	0
204	0
234	0
94	0
34	0
23	0
139	0
231	0
43	0
93	0
33	3
259	0
130	0
9	0
220	0
103	0
148	0
612	0
18	0
4	1
55	0
14	0
46	0
2645	0
160	0
1911	0
89	0
70	0
180	0
405	0
192	0
42	0
8	0
68	0
107	0
142	0
124	0
135	0
3566	0
178	0
0	0
5	0
8	0
362	0
237	0
172	0
95	0
348	0
39	0
17	0
3	0
21	0
0	0
1156	0
606	0
18	0
15	0
194	0
1009	0
423	0
82	0
52	0
68	0
21	0
242	0
769	0
69	3
116	0
31	0
241	0
78	0
1320	0
194	0
164	0
7	0
122	0
34	0
2	0
22	0
4	0
2	0
0	0
322	0
448	0
32	0
515	0
858	0
433	0
0	0
169	0
88	0
924	0
131	0
87	0
15	0
37	0
1070	0
438	0
39	0
388	0
2354	0
0	0
0	0
0	0
0	0
5	0
0	0
0	0
0	0
389	0
244	0
0	1
26	0
400	1
13	0
4244	0
5	0
0	0
6	0
134	0
0	0
13	0
62	0
1	0
0	0
0	0
0	0
8	0
0	0
0	0
0	0
0	0
0	0
0	0
0	0
27	0
136	0
401	0
118	0
0	0
166	0
40	0
51	0
165	0
248	0
179	0
102	0
41	0
267	0
8	0
7	0
0	3
58	0
8	0
3	0
0	0
1004	0
10	0
2256	0
2884	0
11	0
110	0
202	0
444	0
3690	0
345	0
120	0
121	0
77	0
74	0
408	0
51	0
252	0
31	0
45	0
112	0
417	0
92	0
0	0
12	0
285	0
116	1
651	0
1580	0
119	12
246	0
55	0
397	0
177	0
24	0
34	0
68	0
53	0
0	0
16	0
337	0
78	0
1012	0
39	0
50	0
199	0
120	0
373	0
373	0
207	0
56	0
118	0
8	0
128	0
240	0
101	0
5	0
13	0
16	0
34	0
744	0
0	0
3	0
115	6
12	0
86	0
148	0
44	0
153	0
15	0
364	0
644	0
85	0
3804	0
70	0
298	0
53	0
0	0
0	0
106	0
36	0
351	0
0	0
283	0
0	0
833	0
753	243
31	0
2198	0
27	0
13	0
9	0
1	0
31	0
10	0
98	0
8	0
0	0
0	0
0	0
8	0
706	0
65	0
101	0
3	0
56	0
170	0
77	0
238	0
35	0
1240	0
2947	0
2581	0
473	0
219	0
28	0
256	0
28	0
609	0
318	0
60	0
30	0
2	0
446	0
2004	0
18	0
165	0
120	0
984	0
402	0
14	0
270	0
0	0
1	0
32	0
106	0
80	0
610	0
502	0
278	0
94	0
14	0
7	0
14	0
30	0
393	0
1	0
563	0
30	0
17	0
1902	0
600	0
260	0
336	0
166	0
20	0
45	0
118	0
236	0
215	0
228	0
19	0
164	0
202	0
2	0
81	0
526	0
93	0
1893	0
1478	0
728	0
333	0
5	0
7	0
0	0
51	0
6	0
113	0
2112	0
52	0
55	0
174	0
517	0
418	0
330	0
98	0
147	0
1328	0
173	0
7966	0
1457	0
1142	0
165	0
111	0
936	0
49	0
0	0
1006	0
234	0
5	0
6645	0
0	0
98	0
112	0
132	0
305	0
341	0
41	0
2	0
2	6
90	0
0	0
72	0
9	0
61	0
74	0
4468	0
81	0
237	0
1202	0
0	0
0	0
0	0
10	0
0	0
0	0
0	0
0	0
0	0
0	0
0	0
0	0
0	0
269	0
150	0
3	0
378	0
13	0
170	0
531	0
10	0
85	0
51	0
727	0
0	0
1	0
1825	0
292	0
733	0
65783	0
84636	0
197	0
44	0
282	0
3956	0
97	0
498	0
167	0
5	0
454	0
2529	0
37	0
137	0
22	0
25	0
2	0
261	0
34	0
1636	0
1564	0
260	0
74	0
9	0
13	0
0	0
0	0
0	0
4	0
185	0
462	0
347	0
31	0
417	0
15	0
12	0
180	0
153	0
764	0
7202	0
470	0
474	0
416	0
627	12
251	0
71	3
2	3
410	0
0	0
2123	0
19	0
82	0
100	0
234	0
1	0
120	0
54	0
183	0
390	0
1	0
425	0
285	0
26	0
15	0
125	0
331	0
74	0
862	0
147	0
152	0
248	0
15	1
56	0
55	0
0	0
162	0
451	0
70	0
65	0
4	0
143	0
66	0
30	0
107	0
81	0
16	0
397	0
92	0
136	0
75	0
263	0
29	0
92	0
2	0
15	0
1	0
46	0
0	0
0	0
1	0
1	0
554	0
0	0
0	0
0	0
4	0
863	0
125	0
1207	0
270	0
3913	0
91	0
204	0
18	0
28	0
318	0
66	84
45	0
15	0
10	0
22	0
25	0
11	0
0	0
0	0
10	0
451	0
0	0
75	0
34	0
30	0
0	0
1	0
9	0
64	0
616	0
18683	0
117	0
0	0
14	1
2334	0
181	0
43179	0
149	0
1	0
95	0
131	0
381	0
45	0
83	0
121	0
334	0
1381	0
186	0
115	0
140	0
45	0
1	0
0	0
5	0
0	0
0	0
0	0
0	0
0	0
38	0
152	0
15	0
55	0
193	0
293	0
55	0
373	0
1	0
0	0
2	0
30	0
33	0
432	0
10	0
58	1
224	0
121	0
51	0
122	0
664	0
1	0
2323	0
5	0
8	0
0	0
0	0
0	0
0	0
12	0
0	0
0	0
0	0
0	0
0	0
0	0
0	0
0	0
4	0
0	0
0	0
0	0
2	0
19	0
24	0
93	0
726	0
29	0
16	0
21	0
30	0
12	0
44	0
826	0
4	2
400	4
3	0
15	0
779	0
4678	0
286	0
130	0
603	0
1116	0
133	0
85	0
95	0
733	0
316	0
220	0
37	0
56	0
512	0
88	0
3729	0
150	0
65	0
25	0
336	0
299	0
172	0
1	0
79	0
5	0
10	0
4	0
316	0
327	0
62	0
227	0
5029	0
629	0
50	0
3034	0
79	0
164	0
51	0
51	0
356	0
592	0
0	0
1	0
31	0
0	0
520	0
84	0
121	0
14	0
26	0
35	0
152	0
1177	0
150	0
94	0
440	0
184	0
104	0
30	0
592	0
1449	0
4	0
15	0
0	0
0	0
0	0
42	0
0	0
0	0
436	0
760	0
276	0
221	0
152	0
4	0
60	0
228	13
1047	0
602	0
28	0
1	0
74	0
249	0
263	1
254	0
0	0
10	0
0	0
0	0
0	0
14	0
34	0
2	0
4232	0
61	0
2317	0
50	0
18	0
37	0
157	0
933	0
18	0
124	0
1014	0
2	0
8	0
6	0
25	0
59	0
239	0
10	0
1	0
0	0
15	0
39	0
0	0
26	1
18	0
155	0
63	0
76	0
1046	0
176	0
389	0
144	0
551	0
2	0
391	0
63	0
1282	0
8	0
41	0
0	0
7	0
834	0
157	0
95	3
31	0
113	0
0	4
12	4
224	0
4	0
2	0
0	0
5	0
146	0
111	0
897	0
10	0
4	0
39	0
1178	0
148	0
74	0
0	0
15	0
258	0
0	0
30	0
1	0
31	0
3029	0
123	0
7	0
11	0
1	0
223	0
192	0
79	0
4	0
3	0
41	0
3	0
134	0
113	0
51	0
209	0
805	0
80	0
69	0
183	0
108	0
126	0
124	0
10	0
71	0
80	0
224	0
47	0
0	0
0	0
0	0
0	0
17	0
0	0
4	0
52	0
10	0
0	0
0	0
0	0
0	0
0	0
0	0
171	0
4549	0
111	0
2113	0
882	0
8	0
17	0
0	0
0	0
63	0
362	0
51	0
11	0
7343	0
1354	0
4	0
278	6
308	0
283	0
74	0
85	0
26	0
9109	0
6753	0
349	0
41	1
535	0
4	0
2151	0
0	0
175	0
14	0
272	0
727	0
674	0
301	0
437	0
66	0
7	0
188	0
1219	0
77	0
4	0
1	0
0	0
0	0
0	0
0	0
27	0
0	0
0	0
91	0
114	0
7	0
136	0
235	0
189	0
3	0
9	0
1	0
220	0
41	0
16	0
173	0
3	0
0	0
0	0
0	0
111	0
1056	0
346	0
0	0
178	0
62	0
1389	0
96	0
2411	0
1609	0
583	0
566	0
1376	0
8	0
5	0
180	0
6	0
25	0
134	0
1603	0
208	0
87	0
137	0
1474	0
75	0
0	0
0	0
73	0
15	0
39	0
635	0
97	0
593	0
187	0
66	0
277	0
210	0
167	0
24	0
272	0
148	0
70	0
172	0
15	0
96	0
1002	0
439	1
135	0
46	0
397	0
105	0
143	0
857	0
225	0
1	0
17	0
1856	0
444	0
31	0
11	0
1456	0
2	0
14	0
0	0
2	0
0	0
19	0
0	0
0	0
4	0
70	0
284	0
173	0
151	0
121	0
42	0
291	0
68	0
264	0
69	0
0	0
0	0
796	0
118	0
0	0
0	0
0	0
321	0
12	0
306	83
0	0
0	0
11	0
24	0
0	0
31	0
0	0
0	0
529	0
276	0
631	0
76	0
51	15
1910	0
0	0
55	15
0	0
0	0
2	0
90	0
76	0
97	0
4912	0
2335	0
796	0
181	0
25	0
7567	0
111	0
1636	0
199	0
2448	0
123	0
261	0
648	0
245	0
342	0
4	0
11	0
1	0
198	0
14	0
254	0
144	0
2	0
23	0
381	0
224	0
352	0
96	0
54	0
582	0
1126	0
306	0
0	0
16	0
87	0
13322	0
49	0
742	0
0	0
0	0
0	0
0	0
5	2
9526	0
1476	0
0	0
69	0
0	0
167	63
129	0
274	0
274	63
21	0
204	0
20	0
148	0
991	0
1	0
117	0
126	0
797	0
50	0
46	0
546	0
125	0
8	6
130	0
0	0
47	0
1	0
915	0
189	0
82	0
15	0
0	0
5	0
2644	0
760	0
59	0
20	0
225	0
40	0
219	0
532	0
25	0
39	0
1	0
270	0
73	0
5	0
694	0
298	0
578	0
266	0
9	0
25	0
87	0
892	15
96	0
317	0
1375	0
184	61
1628	0
22	0
273	0
102	0
223	45
34	0
16	0
2	0
409	4
201	0
937	0
790	0
294	0
530	0
84	0
107	0
58	0
8	0
2147	599
50	0
307	0
168	0
399	0
5	0
47	0
204	0
19	0
4	0
6	0
9529	5565
5179	0
71	0
1571	0
427	0
120	0
107	0
93	0
48	0
120	0
854	0
25	0
738	0
981	0
946	0
19	0
86	0
696	0
1112	0
101	1
109	7
12	1
1	7
148	0
31	0
39	0
444	0
32	0
961	0
378	0
20	0
0	0
110	0
73	0
543	0
1189	0
694	0
51	0
1345	43
0	37
17	0
215	0
1421	0
128	0
193	0
2884	6148
1098	631
3862	6148
328	631
33	0
210	0
171	206
123	190
7	2
230	206
275	190
303	0
0	0
6	0
1541	0
143	0
180	0
33	0
0	0
719	0
67	0
22	0
136	959
219	959
173	0
169	0
131	0
459	0
985	0
169	0
19	1
0	0
55	0
38	0
294	0
168	0
197	0
8	0
113	0
0	0
10	0
9	0
394	0
32	0
1117	0
84	0
246	0
35	0
277	0
1173	0
0	0
46	0
222	0
1069	0
223	0
58	0
59	51
844	51
457	0
108	0
200	0
4	0
0	0
0	0
0	0
0	0
0	0
0	0
0	0
113	0
43	0
364	0
236	0
177	0
41	0
94	0
192	0
102	0
4	0
0	0
31	0
7	0
0	0
291	0
10936	0
41	0
124	0
588	0
4	2
0	2
130	0
388	0
4	0
0	0
0	0
0	0
0	0
1	0
0	0
2	0
80	0
109	0
13	0
470	0
439	0
6217	0
52	0
352	0
334	0
5220	0
1	0
0	0
1	0
20	0
0	0
0	0
121	0
1315	0
134	0
102	0
51	0
0	0
159	0
78	0
14	0
42	0
309	0
219	0
9	0
15	0
247	0
28	0
195	0
2917	0
267	0
61	190
182	33
433	0
97	0
931	977
364	977
7	0
3	0
641	0
357	0
659	0
212	0
5636	0
1009	0
0	0
29	0
222	0
130	0
54	0
141	7
15	0
1	0
1018	0
12	0
2309	0
59	0
0	0
1	0
12	0
136	0
215	0
0	0
36	0
502	0
0	0
1	0
61	0
55	0
63	0
45	0
120	0
23	0
97	0
177	326
57	0
281	0
296	0
498	0
508	0
96	0
107	0
744	0
213	0
17	0
0	3
2	2
6	2
3	3
4	3
5	2
0	3
13	0
6	0
11	0
0	0
0	0
151	0
199	0
494	0
1	0
43	0
937	0
29	0
539	0
781	0
0	0
56	0
47	0
432	0
59	0
23	0
984	0
13	0
10297	3470
386	0
35	0
25	0
2368	0
67	0
91	0
135	0
782	0
28	0
231	0
7	0
1	0
0	0
0	0
2	0
0	0
379	0
168	0
971	0
69	0
240	0
288	34
2596	0
391	0
510	0
16	0
182	0
67	0
164	0
2243	0
385	0
8	0
0	1
0	1
96	0
72	0
35	0
46	0
478	0
13	0
87	0
1115	0
0	0
6	0
138	0
209	0
145	0
0	0
441	0
400	0
10	1
0	0
0	0
0	0
0	0
0	0
29	0
0	0
0	0
0	0
0	0
2224	0
3930	0
0	0
3465	0
307	0
1347	0
910	0
4	0
19	0
1	0
530	0
0	0
0	0
465	0
224	0
797	0
5069	0
173	0
46	0
232	0
959	0
2180	0
440	0
443	0
682	0
17411	0
89	0
22	0
84	0
21	0
196	0
326	0
3	0
14	0
14	0
23	0
86	0
114	0
134	0
451	0
21	0
238	0
10	0
0	0
45	0
277	214
560	0
30	312
13	27
195	0
1427	1
170	0
21	0
47	0
291	1
83	0
589	0
58	0
8	0
10	0
1	0
28	0
0	0
49	0
5279	0
239	0
119	0
43	0
14	0
178	0
1934	0
10	0
107	0
255	0
55	1
43	0
298	0
51	0
62	0
11	0
0	0
6626	0
821	0
49	0
252	0
2975	0
81	0
290	0
121	0
390	0
1470	0
2	0
184	0
3251	0
265	0
512	0
7	0
332	0
242	0
189	0
46	0
271	0
176	0
0	0
0	0
24	0
580	0
8	0
0	0
0	0
6	0
0	0
63	0
1064	0
0	0
1064	0
39	0
1934	0
1211	0
679	0
155	0
842	0
218	0
593	23
2352	23
329	0
2253	0
73	0
92	0
8	0
6945	0
235	0
55	0
322	0
246	0
354	0
222	0
1442	0
3	0
152	0
294	0
1	0
32	0
649	0
25	0
0	0
0	0
0	0
15	0
560	0
256	0
385	0
0	0
1	0
0	0
0	0
4	0
0	0
0	0
1363	0
85	0
479	0
212	0
1453	0
168	0
83	0
512	0
0	0
0	0
0	0
151	0
152	0
11	0
14	0
0	0
0	0
89	0
276	0
530	0
135	0
71	0
0	0
0	0
0	0
0	0
574	1
184	0
557	38
32	24
63	24
112	0
364	0
1466	0
209	20
12	0
39	0
36	1
720	0
51	0
70	0
37	0
714	0
57	8
2	0
0	0
44	0
1018	0
16	66
1300	0
832	0
0	0
25	0
5	0
441	0
58	23
4	0
0	0
3	0
0	0
8	0
0	0
77	0
4	14
721	0
149	0
120	0
0	0
181	0
0	0
4	0
42	7
6	0
851	0
52	0
1013	0
53	318
670	318
584	0
3078	0
191	11
10	0
36	0
4	6
6	2
0	6
84	0
0	16
46	34
44	16
459	0
20	34
31	0
44	0
0	0
15	0
194	0
75	0
51	0
138	0
5	0
5258	0
22	0
5	0
64	0
629	0
73	325
61	325
32	0
105	0
926	0
6978	804
762	6
676	645
98	0
623	0
598	0
542	0
82	0
78	0
163	43
425	0
161	0
5262	0
9781	0
4	0
910	0
5	0
29	0
124	3
84	0
37	0
76	0
11	0
175	0
0	0
34	0
63	0
14	0
216	0
0	0
0	0
0	0
60	0
173	0
572	0
136	0
49	0
72	0
543	0
28	0
4	0
6	0
11	0
59	0
85	0
5489	224
381	223
10	5
0	0
58	0
2	0
0	0
10	0
3115	0
4912	0
1504	0
441	0
45	0
5	0
0	0
0	0
0	0
0	0
0	0
0	0
20	0
0	0
129	0
150	0
5	0
7	0
7	0
3	0
0	0
0	0
0	0
1	0
0	0
4	0
508	0
0	0
0	0
2	0
421	147
12941	448
474	0
238	0
903	0
245	0
40	0
13	0
7	0
82	0
167	0
45	0
574	0
7	0
0	0
129	0
34	0
14	0
0	0
57	0
144	0
22	0
103	0
156	0
269	0
91	0
143	0
194	0
3893	0
469	0
2013	0
527	0
424	0
78	0
449	0
378	0
515	0
247	0
50	0
829	0
193	1
21	0
3	2
19	2
243	0
72	0
0	3
5	3
372	0
5	0
137	0
856	0
456	0
176	0
36	0
451	0
1016	0
0	0
11	0
1	0
0	0
583	0
68	0
80	0
38	0
1	0
153	0
1227	0
176	1
113	13
73	0
118	0
558	0
137	0
49	0
117	0
55	0
796	0
24	0
36	0
0	0
144	0
528	0
765	0
0	0
13	0
10	0
21	0
1979	0
5322	0
0	0
0	0
0	0
260	0
70	0
444	0
28	0
344	0
6	0
137	0
308	0
95	0
176	15
1702	0
10	0
185	0
87	8
11	8
58	0
82	0
3	224
581	0
93	0
375	0
501	0
135	0
5	0
729	0
65	0
0	66
2	1
0	3
0	24
0	0
0	26
770	84
103	0
130	0
228	0
4	0
26	2
3	0
42	1
1596	1
310	0
20	0
14	0
9	0
244	0
37	0
0	0
23	0
70	0
367	0
1852	0
137	0
3	0
0	0
0	0
47	0
124	0
215	0
50	0
37	0
22	0
110	0
542	0
147	0
103	0
0	0
57	0
0	0
35	0
60	0
191	0
87	0
26	0
291	0
0	0
72	0
180	0
283	0
5061	0
97	0
136	0
169	0
69	0
193	0
127	1
154	0
247	0
472	0
45	0
7	0
108	0
23	1
20	1
49	1
8	1
204	0
0	0
0	0
202	0
7	0
113	0
166	0
13	0
57	0
320	0
3554	0
152	0
0	0
0	0
0	0
0	0
0	0
0	0
2	0
63	0
4	0
0	0
0	0
0	0
2465	0
2178	0
2214	0
15	0
360	0
11	0
64	0
119	0
183	0
316	0
2892	0
81	0
178	0
1148	0
53	0
19	0
0	0
0	0
1	0
0	0
0	0
8072	0
377	1
14	0
0	0
280	0
439	0
14	0
722	1
0	0
437	0
67	0
78	0
3	0
74	0
39	0
103	0
152	0
243	0
733	0
38	0
8	0
12	0
0	0
122	0
15	0
91	0
971	0
12	0
6	0
2713	0
97	0
65	0
192	0
95	0
23	0
11	0
237	0
130	0
139	0
329	0
332	0
314	0
13	0
222	0
1897	0
35	0
0	0
102	0
65	0
1141	0
3200	0
325	0
136	0
93	44
34	0
353	0
5	0
76	0
125	61
44	0
29	0
0	0
5	0
173	17
80	0
30	0
126	0
98	0
3	0
323	0
6045	58
41	0
8	0
102	4
167	0
0	0
0	0
0	0
8	0
3	0
0	0
0	0
0	0
0	0
0	0
0	0
0	0
0	7
0	0
0	0
0	0
354	0
54	79
31	4
28	50
18	79
20	4
110	0
120	0
205	0
671	0
38	0
50	0
475	0
262	0
271	0
4159	0
423	0
183	0
3	0
54	0
645	0
95	0
1485	0
77	0
21	0
136	187
17	0
198	0
883	0
12	0
29	0
0	0
93	0
5540	0
1	0
43	0
7	0
491	0
55	0
10	0
9	0
6	0
102	0
800	0
3849	0
6	18
18	18
274	0
243	0
77	3
0	0
0	0
32	0
0	0
508	0
68	22
137	0
128	0
140	0
13133	0
399	0
250	22
380	0
1781	0
0	0
13	0
315	0
0	0
37	0
0	4
1	5
0	0
6	4
748	0
709	0
111	0
472	0
69	0
8	0
1076	35
216	0
4490	0
20	0
126	0
501	0
60	0
35	0
6	0
19	7
23	0
1491	0
93	0
16	0
68	0
136	0
97	0
721	0
1212	0
5	0
61	0
36	0
740	0
115	0
41	0
1093	0
1244	0
56	0
579	0
6	0
1739	0
59	0
114	0
99	0
43	0
8	0
20	0
0	0
175	0
256	0
1284	0
5	0
5095	0
12247	0
263	0
7	0
18	0
1036	0
155	0
256	0
815	0
18	0
21	0
101	0
16	0
373	0
0	11
686	0
118	0
124	0
126	0
196	0
48	1
52	0
213	3
29	0
23	0
138	24
280	0
471	0
100	0
29	0
290	0
0	0
1	0
65	11
0	11
559	0
173	0
177	0
11	0
101	24
30	24
0	2
0	0
47	0
97	0
225	0
301	0
340	0
334	0
2394	0
74	0
756	0
893	0
821	0
3	0
327	0
265	0
18	0
25	0
95	0
28	0
119	13
90	68
90	0
1214	8
207	0
182	0
2	0
53	0
2102	0
162	0
329	0
129	0
1410	0
711	0
108	0
751	68
41	6
47	6
230	0
93	0
51	0
494	0
125	0
303	0
329	207
56	207
1	0
869	0
52	0
0	0
145	0
124	0
65	0
57	0
24	0
106	0
513	0
377	0
136	0
262	0
362	0
917	0
8	0
61	0
277	0
1043	0
0	0
0	0
0	0
1	0
212	0
127	0
16	0
1827	0
403	0
1655	0
0	0
1	0
427	0
282	32
1708	0
1221	0
140	0
629	0
1779	0
51	0
14	0
0	0
80	0
0	0
1346	0
2	0
332	375
5558	0
413	0
195	0
110	0
623	25
386	0
2396	0
3083	0
135	0
2169	0
35	0
239	0
131	0
138	116
266	0
1	0
1221	0
38	0
157	0
32	0
13	0
82	0
2	3
206	0
134	0
1764	0
726	0
408	0
228	0
5107	0
470	0
80	0
745	0
11885	0
3	3
253	0
839	1
4494	0
2	6
34	0
6	6
192	0
1088	0
726	0
318	22
203	0
2	0
1009	0
325	0
3	3
1687	0
6	3
1311	0
516	0
188	0
6	0
287	0
32	0
147	0
124	0
0	0
0	0
15	0
0	0
12	0
2	0
195	0
6470	0
186	0
68	0
110	0
1357	0
9	0
741	0
207	0
324	0
214	0
139	0
237	0
826	0
318	0
12	0
46	0
36	0
0	0
0	0
67	0
798	0
125	0
587	0
143	0
75	0
413	0
1423	0
466	0
1113	0
689	0
52	0
1650	0
51	0
9	0
230	0
425	0
10	0
4	0
1	0
0	0
92	0
6	1
169	0
657	0
0	0
513	0
31	0
464	0
724	0
327	0
220	0
109	0
317	0
278	0
309	0
0	0
10	0
748	0
361	0
490	0
281	0
377	0
364	0
32	0
895	0
843	0
89	0
0	0
2303	0
5284	0
115	0
593	0
79	0
1024	0
238	0
31	0
37	0
3	0
463	0
276	0
39	0
90	0
491	0
15	0
4	0
5	0
15	0
277	0
89	0
123	0
17697	0
516	0
105	0
98	0
14	0
0	0
0	0
0	0
0	0
0	0
0	0
0	0
0	0
0	0
27	0
146	0
1551	0
33	0
17	0
26	1
1	0
0	0
9	0
54	0
118	0
55	0
0	0
59	0
71	0
352252	116041
1511	133083
222964	152032
1462	0
167	0
228	0
21	0
118	0
63	0
62	0
57	0
473	0
1232	0
3013	0
38	0
8	26
2083	0
127	16
1306	0
0	0
730	0
56	0
137	0
418	0
131	0
232	0
250	0
840	0
594	0
767	0
151	9
16	0
518	0
461	0
7	0
53	0
51	0
1155	0
259	0
1	0
724	83
1194	0
155	0
189	0
96	0
236	0
2057	0
975	0
148	0
283	0
975	0
64	0
1019	0
11	0
303	0
107	0
388	0
261	0
159	0
26	0
611	0
144	0
93	0
2683	0
129	0
338	0
10	0
11	0
51	0
0	0
0	0
5	0
5	0
0	0
7	0
226	0
1571	0
835	0
3946	0
193	0
1348	0
0	0
23	0
27	0
83	0
475	0
52	0
3150	0
1	29
189	0
285	0
127	0
476	0
2603	0
416	0
1129	0
4227	0
10604	0
10	0
0	0
4674	0
110	0
235	0
248	0
686	0
1530	0
68	0
594	0
605	1209
80	0
655	0
1043	0
333	0
0	0
284	0
3639	0
11	0
0	0
3	0
0	0
4	7
114	0
67	0
8250	0
151	0
54	0
524	0
0	0
0	0
9	0
124	0
2182	0
252	0
163	0
8	0
33	0
209	0
789	0
0	0
633	0
541	0
4472	0
35	29
0	0
46	0
165	0
53	0
26	0
0	0
4	0
1189	0
153	0
0	0
0	0
6	0
0	0
12	0
5	0
13	0
64	0
222	0
1135	0
0	0
21	0
0	0
5	0
523	0
0	379
3458	379
254	0
786	0
16	0
53	0
544	0
173	0
13	0
1775	0
43	0
28	0
28	0
533	0
1455	0
141	0
13	0
328	0
1772	0
0	0
0	0
2156	0
460	0
1	0
14	0
59	0
417	0
3945	0
296	0
243	0
462	0
173	0
10	0
533	0
258	0
1084	0
61	0
126	0
10	0
0	0
94	0
0	0
0	0
371	0
12	0
289	0
74	0
1046	0
159	0
947	132
328	0
954	0
0	0
2	0
7	0
22	0
77	0
159	0
94	0
1584	0
1707	0
1350	0
7	0
28	0
310	0
50	25
279	0
1	0
462	0
0	0
0	0
25	0
43	0
116	0
57	0
407	0
84	0
34	0
40	0
1553	0
271	0
216	68
0	68
228	0
3426	0
757	0
140	0
248	0
9	0
122	0
7	0
114	0
449	0
575	0
0	3361
0	3361
869	0
310	0
983	0
2	0
34	0
5	0
0	0
0	0
0	0
0	0
0	0
0	0
0	0
0	0
0	0
0	0
0	0
0	0
1	0
0	0
0	0
21	0
8	0
18	0
4	0
654	0
580	0
239	0
461	0
2173	0
36	0
21	0
103	0
0	0
24	0
6	0
0	0
135	0
398	0
0	0
830	0
209	0
66	0
152	0
1849	0
145	0
105	0
89	0
632	0
16	0
44	0
0	0
8	0
0	0
0	0
0	0
0	0
190	0
1813	0
11641	3
3	0
25	0
48	0
0	0
20	0
6711	0
451	0
197	0
1326	0
294	0
185	0
13	0
424	0
203	0
91	0
0	0
279	0
217	0
82	0
1071	0
3	0
2	0
19	0
177	0
110	0
518	0
2	0
121	0
34	0
783	0
99	0
1989	0
10	0
2	0
119	0
2647	0
576	0
615	0
106	0
30	0
0	0
90	0
406	0
180	0
119	0
38	0
590	0
100	0
601	0
300	0
73	0
148	0
24	0
59	0
1	0
1903	0
52	0
482	0
4	0
34	0
207	0
960	0
1389	0
1306	0
164	0
86	0
9752	0
1932	0
10	0
265	0
14	0
37	0
0	0
4	0
123	0
361	0
6	0
26	11
2	0
70	11
3	0
433	0
214	0
5843	0
231	0
285	0
108	0
399	338
4	338
0	0
5	0
4	3
0	0
4	0
0	0
0	0
0	0
193	0
13642	0
872	0
3	0
152	0
303	0
0	0
9	0
0	0
0	0
133	0
0	0
0	0
0	0
0	0
0	0
0	0
8	0
0	0
1615	0
106	0
211	0
5361	0
3	0
223	0
66	0
228	153
69	23
0	0
0	0
0	0
0	0
17	0
0	2
3	2
82	0
133	0
20	0
589	0
0	0
0	0
1	0
0	0
6	0
170	0
346	0
38	0
1057	0
242	0
249	0
70	0
126	0
53	0
311	0
29	0
226	0
224	0
265	0
47	2
26	0
171	0
93	0
0	0
75	0
32	0
245	0
3132	0
168	0
7	0
16	0
105	0
427	0
181	0
95	0
10	0
721	0
663	0
69	0
0	0
0	0
0	0
0	0
0	0
0	0
59	0
1068	0
126	0
555	0
707	0
6370	0
34	0
685	0
27	0
6	0
3	0
1510	0
733	0
15	0
20	0
56	0
324	0
0	584
571	0
42	0
2394	0
185	0
55	0
845	0
444	0
447	0
913	1
79	0
7	0
0	0
0	0
0	0
88	0
288	0
557	5003
3	0
0	0
12	0
3	0
354	0
97	0
151	196
584	0
4	0
49	0
89	0
9	0
155	0
435	0
151	0
241	0
0	0
6	1
0	1
0	1
1	0
9	0
0	0
679	0
0	0
3	0
117	0
291	0
1378	0
11	0
5	0
1	10
0	0
5	0
22	0
9	0
13	0
8	0
8	0
19	0
70	0
0	0
16	0
0	0
31	0
18	0
312	0
0	0
3	0
9	0
12	0
818	0
66	0
153	0
1	0
0	0
0	0
0	0
0	0
0	0
209	0
1073	0
64	0
34	0
3	0
944	0
11	0
59	0
74	0
11	0
0	0
0	0
0	0
0	0
47	0
21	0
30	0
18	0
53	0
0	0
126	500
1584	500
15301	2
0	0
0	2
2	0
2	0
2368	0
11	0
87	9
5	0
0	0
0	0
6	0
1	5
0	5
0	0
0	0
0	0
66537	0
258	0
6	0
40	0
1378	0
1199	0
80	0
6	0
8	0
95	0
564	0
101	0
188	0
68	0
0	0
0	0
0	0
0	0
0	0
0	0
16	0
22	0
13	0
52	0
48	0
24	0
43	0
12	0
1220	0
30	0
6175	0
3543	0
1	0
0	0
49	0
639	0
176	0
53	0
32	0
5167	0
82	0
594	0
291	147
116	0
917	0
2688	0
160	0
0	0
0	0
30	0
93	0
44	0
77	0
153	0
496	0
21	0
7	0
899	0
1197	0
241	0
1232	0
432	0
1597	0
1064	0
38	0
16	0
17	0
42	0
0	0
0	0
4	0
0	1
0	0
0	0
0	0
0	1
4	0
1	0
526	0
331	0
0	0
2	0
9	0
0	0
1	0
0	0
0	0
170	0
59	0
0	0
82	0
1	0
24	0
3	0
4	0
190	0
974	0
0	0
6	0
2796	3
0	0
1	0
14	0
2317	0
1486	0
986	0
109	0
815	0
199	0
178	0
63	0
46	0
74	0
74	0
0	0
25	0
4154	675
27	0
260	0
65	0
467	0
50	0
413	124
115	0
30	124
129	0
0	0
0	0
0	0
0	0
0	0
1214	0
29	0
4	0
1092	0
0	0
179	0
15	0
0	0
5	0
10	0
4	0
238	0
163	0
86	0
99	0
100	0
933	0
196	45
92	0
524	62
84	76
20	530
1	4
10	0
0	0
0	0
1	0
2	0
7	0
0	0
0	0
8	0
0	0
0	0
4	3
0	0
0	3
0	0
6	0
7	0
5	0
2	0
0	0
10	0
26	0
2	0
1	0
3	0
0	0
0	0
0	0
0	0
0	0
0	0
5	0
6	0
0	0
0	0
0	0
3	0
1	0
35	0
4	0
22	1192
64	1192
147	0
13	0
63	0
0	0
1259	0
147	0
615	2
0	0
157	0
1	0
0	0
4	0
36	0
62	0
264	0
49	5
13	0
2	0
0	0
106	0
1820	0
221	0
318	0
590	0
6568	0
194	0
81	0
488	0
47	0
77	0
276	1
72	0
42	0
6	0
170	0
0	0
2	0
0	0
0	0
8	0
29	31
85	0
34	25
5	4
55	50
2	0
38	28
16	4
28	0
24	0
8	0
50	0
28	0
7	0
67	0
615	3
936	0
3203	0
83	0
227	0
556	0
89	0
855	0
338	0
179	0
223	0
92	0
58	0
12	0
75	0
66	0
10	0
103	0
1145	0
19	0
3	0
1	0
9	0
16	0
49	0
122	0
1395	0
0	0
80	0
0	0
294	0
479	0
92	0
1352	0
447	0
234	0
53	0
64	0
1898	0
117	0
9	0
0	0
174	0
537	0
40	0
38	0
12	0
250	0
1811	0
17	0
12	0
2229	0
319	0
0	0
0	0
191	0
300	0
120	0
20	0
49	0
805	0
76	0
1566	0
59	0
380	0
2	0
343	0
685	0
9	0
509	0
260	0
391	0
217	0
158	0
5	0
0	0
76	75
11	7
116	75
23	7
257	0
97	45
2	0
226	0
10	0
63	0
62	0
1456	0
419	0
1807	0
452	0
1914	0
57	0
29	0
63	0
154	0
575	0
3074	0
185	0
17	0
143	0
65	0
121	0
2558	0
3346	0
1626	0
140	0
210	0
350	0
10	0
97	0
87	0
12	0
35	0
795	0
336	0
232	0
0	0
619	0
27	0
0	0
0	0
195	0
551	0
0	0
241	0
0	0
13	0
13	0
0	0
2860	0
296	0
107	0
507	0
11	0
551	0
82	0
0	0
150	0
94	0
892	0
61	0
284	0
30	0
18	0
98	0
102	0
3	0
0	0
222	0
7	0
13	0
97	3
6	0
9	0
2287	0
10	0
2	0
21	0
61	0
133	0
3	0
196	0
42	0
16	0
0	0
0	0
9	0
6	0
5	0
1154	0
107	0
144	0
17	0
54	0
222	0
12	0
123	0
374	0
66	0
56	0
72	0
231	0
114	0
8	0
124	0
28	0
8	1
12	0
14	1
0	0
0	0
185	0
193	0
114	0
72	0
17	0
0	0
6	0
267	0
30	0
1	0
48	0
149	0
4658	0
141	0
615	0
735	0
107	0
13	0
5	0
395	0
125	0
488	0
1730	0
302	0
370	0
14	0
2534	0
580	0
730	0
24	0
7	0
7	0
1	0
4	0
15	0
128	0
25	0
129	0
585	0
115	0
492	0
2	0
51	0
1976	0
49	0
10771	0
802	0
8865	0
13	0
40	0
9	0
92	0
63	0
15	0
18	0
5422	0
300	0
197	0
466	0
17	0
139	0
13	0
152	0
1103	0
304	0
499	0
859	0
49	0
76	0
380	3
75	0
55	0
204	6
3	6
341	0
58	0
370	0
6	0
0	0
5	0
135	0
455	0
442	0
61	0
160	0
1766	0
9	0
281	0
695	0
199	0
31	0
309	0
25	0
55	0
438	0
355	0
10	0
5	0
3	0
0	0
1088	0
7129	0
2	0
18	0
0	0
9	0
685	0
463	0
0	0
0	0
9	0
21	0
141	0
126	0
65	0
148	0
48	0
19	3
265	0
25	113
77	113
0	0
19	0
164	0
9	0
195	0
1656	0
26	0
28	0
0	0
52	0
11	0
96	0
86	12
67	0
13	4
6	0
29	0
14	0
67	0
14	12
14	0
16	0
25	1
36	0
1	0
68	2
57	0
37	5
41	0
62	1
25	1
48	1
26	0
17	1
5	0
22	0
214	0
148	0
4	0
0	0
0	0
0	0
109	0
30	0
7	0
0	0
10691	0
188	0
2058	0
3218	0
3	0
68	0
0	0
70	5
93	6
18	1
13	0
11	0
0	0
60	0
8	0
28	0
1319	0
160	0
16	0
85	0
5	0
57	0
64	99
974	243
58	18
32	0
126	0
470	0
43	0
5	0
0	0
3	0
30	0
42	0
154	0
0	0
216	0
138	0
97	0
8	0
269	0
1	0
0	0
644	0
1214	0
31	0
61	0
2	0
4	0
211	0
297	0
318	0
203	0
242	0
279	1
24	0
59	0
8	0
4715	0
3307	0
0	0
0	0
3	0
1	0
1639	0
1128	0
14	0
0	3
171	1
157	0
22	0
8	0
267	0
2609	0
335	0
37	0
64	0
15	0
220	0
424	0
2	0
161	0
4	0
135	0
889	0
211	0
0	0
65	0
101	0
37	0
6	0
0	0
0	0
0	0
7	11
3	11
40	10
46	0
73	0
342	3
0	0
668	0
68	0
0	0
19	0
51	0
840	0
4	0
179	34
897	0
346	0
51	0
698	0
3	0
1332	0
40	0
20	0
59	0
5	0
255	0
0	0
441	0
10	0
158	0
1462	0
91	0
13	0
84	0
50	0
108	0
1126	0
144	0
34	0
0	0
30	0
51	0
89	0
12	0
1	0
26	0
2300	0
15	0
53	0
1030	0
32	0
66	0
430	0
320	0
449	0
2053	0
288	0
857	0
114	0
215	0
25	0
205	0
21	0
42	0
0	0
612	0
143	0
9	0
224	0
47	0
146	0
1633	0
73	0
320	0
5	0
12	0
0	0
8	0
6	0
439	5
1825	0
1083	0
31	0
0	0
16	0
0	0
0	0
141	0
340	0
0	0
7	0
0	0
0	0
0	0
5	0
0	0
0	0
1	0
0	0
4	0
68	0
0	0
375	0
691	0
977	0
31	0
2	0
8	0
128	0
1029	0
180	0
139	0
120	0
281	0
19	0
32	1
0	0
0	0
59	0
90	0
27	0
209	0
0	0
0	0
0	0
0	0
0	0
23	0
3	0
13	0
14	0
0	0
0	0
1	0
12	0
38	0
54	73
95	0
388	0
29	0
92	0
0	0
5	2
4	2
0	0
13	0
46	0
84	0
116	0
80	0
68	0
31	0
0	0
255	0
168	0
1	0
22	0
2	0
0	0
0	0
75	0
5	0
99	0
69	0
549	0
1743	0
136	0
241	0
381	0
78	0
11	0
130	0
17	0
149	0
9	0
409	0
34	0
46	0
50	0
90	0
145	0
3	0
2	0
36	0
372	0
2494	0
0	0
107	0
5	0
27	0
6	0
2	0
0	0
43	0
163	0
605	7
231	0
864	0
9	0
0	0
0	0
3	0
0	0
25	0
182	0
295	0
372	0
25	0
103	0
37	0
880	0
14	0
0	0
92	0
655	0
8	0
86	0
692	0
32	0
20	0
0	0
15	0
3	0
65	0
5	0
191	0
1	0
10	0
30	0
27	0
197	0
269	0
19	0
0	0
820	0
134	0
734	0
67	0
67	0
941	0
54	0
18	0
95	0
112	0
21	0
18	0
348	0
4783	0
84	0
1042	0
1402	0
653	0
417	0
844	0
7	0
28	0
702	0
12	0
78	0
42	0
8	0
64	0
70	0
2965	0
13	0
401	0
308	0
456	0
10	0
0	0
11	0
71	0
36	0
156	0
1244	0
1628	0
644	0
1314	0
482	0
3367	0
4	1
1	1
5	0
55	0
3982	0
2848	0
26	0
2861	0
439	0
2513	0
257	0
82	0
5633	0
0	0
0	0
0	0
5	0
118	0
0	0
302	0
19	0
9	0
452	0
92	0
45	0
153	0
258	0
89	0
3	0
16	0
95	0
32	0
261	0
160	0
23	0
5209	0
119	0
282	0
1317	0
8846	0
599	0
12	0
12	0
1925	0
898	0
166	0
115	0
0	0
141	0
1123	0
216	0
31	0
4	0
814	0
55	0
28	0
56	0
518	0
131	0
23	0
306	0
46	0
469	0
28	0
11	0
0	0
28	0
260	0
9805	0
359	0
3730	0
14	0
322	0
57	0
9	0
25	0
47	0
51	0
124	0
373	0
49	0
20	0
165	0
39	0
91	0
60	0
490	0
124	0
253	0
1073	0
386	0
2088	0
147	0
12	0
8	0
21	0
80	0
0	0
174	0
23	0
60	0
96	0
0	0
0	0
0	0
0	0
0	0
0	0
0	0
0	0
3	0
0	0
1	0
0	0
0	0
0	0
164	0
18	0
165	0
814	0
2	0
0	0
0	0
0	0
4	0
4	0
119	0
134	0
122	0
0	0
1	0
10	0
34	0
290	0
70	0
1965	0
15	0
0	0
0	0
111	0
154	0
185	0
9	0
71	0
0	0
0	0
0	0
5	0
0	0
0	0
0	0
331	0
200	0
614	0
1916	0
69	0
27	0
0	0
100	0
144	0
846	0
44	0
0	0
10	0
0	0
20	0
0	0
0	0
71	0
6	0
100	0
1701	0
352	0
0	0
0	0
0	0
42	0
4	0
0	0
0	0
14	0
44	0
121	0
73	0
102	0
4444	0
0	0
5	0
869	1
0	0
0	0
24	0
7	0
144	0
70	0
128	0
127	0
56	0
649	0
175	0
38	0
15	0
22	0
30	0
30	0
282	0
303	0
85	0
85	0
83	0
67	0
183	0
1682	0
58	0
56	0
163	0
3197	0
61	0
13	3
288	3
7	0
823	0
14	1
0	0
0	0
0	0
0	1
251	0
4	1
0	1
0	0
7	0
62	0
269	0
54	107
0	12
126	107
142	0
68	0
140	0
50	12
10	2
2	0
13	2
5	0
88	5
236	0
16	0
12	5
199	0
7	0
12	0
102	0
2	0
210	0
133	1
79	0
383	0
1914	0
158	0
0	0
73	0
249	0
0	0
94	0
98	0
186	0
663	0
1517	0
0	29
240	29
45	0
104	0
22	0
8681	0
34	0
359	0
8271	0
191	0
172	0
313	0
129	0
166	0
58	0
69	0
295	0
32	0
166	1
36	0
838	0
53	0
38	0
66	45
425	45
4	0
12	0
60	0
1	0
287	0
9	7
19	0
34	0
124	67
499	134
10	7
3	67
65	0
172	0
54	0
77	0
345	6
258	0
358	0
2	0
254	0
74	0
318	0
105	0
634	0
14	0
67	0
10962	0
43	0
2060	3257
406	0
81	0
69	0
197	134
15	0
1217	0
136	0
158	4
351	0
52	0
664	0
108	0
61	0
15	0
7	0
515	0
106	0
24	0
78	0
49	0
57	0
133	72
19	0
303	0
104	0
162	0
608	0
73	0
3	0
0	0
0	0
0	0
0	0
5	0
0	0
0	0
0	0
1123	0
1872	0
110	0
52	11
3770	0
155	0
893	0
106	3
233	0
75	0
296	0
446	0
124	0
319	0
35	0
123	0
24	0
1	0
96	0
4	0
12	0
43	0
5	0
116	0
3	0
19	0
34	0
1849	0
1633	0
357	0
793	0
718	0
37	0
23	0
310	0
4	0
283	0
5	0
12	0
37	0
42	0
22	0
685	0
2313	0
1885	0
487	0
15	0
1493	0
1918	0
292	0
79	0
71	0
301	0
1384	0
156	0
0	0
1	0
0	6
587	60
20	6
116	10
260	0
228	0
57	6
318	11
3	0
150	0
39	0
288	157
222	157
169	0
68	0
77	0
132	0
10	0
8	0
112	0
48	0
1	0
64	0
22	0
98	0
280	0
5	0
0	0
138	0
323	0
398	0
116	0
20	0
18	0
61	0
1	0
7	0
7	0
16	0
157	0
857	0
163	0
199	0
29	0
246	0
163	0
0	0
2	0
16	0
55	0
10	0
41	0
0	0
409	0
148	0
71	0
696	0
0	0
0	0
0	0
0	0
0	0
0	0
0	0
0	0
0	0
0	0
144	0
133	0
110	0
227	0
75	0
26	0
108	0
63	0
1	0
301	0
868	0
87	0
130	0
2893	423
5	0
6	0
39	0
3	0
244	0
47	0
1189	0
1065	0
25	0
378	0
439	0
60	0
25	0
0	0
176	0
109	0
356	0
0	0
1	0
0	0
7	0
98	0
459	8
0	0
108	0
52	0
70	0
98	0
54	0
3	0
0	0
1	0
12	0
0	0
2	0
12	0
0	0
0	0
0	0
0	0
0	0
9	0
2	0
0	0
30	0
38	0
321	0
0	0
425	0
58	0
4487	0
223	0
169	0
818	0
657	0
56	0
0	0
103	0
27	0
1	0
23	0
0	0
690	4
845	0
91	0
1040	0
4	0
0	0
16	0
0	0
0	0
0	2
0	1
0	0
0	3
0	4
0	0
0	0
1	1
3	3
0	0
0	1
0	0
0	0
0	0
614	0
234	11
187	0
209	0
105	0
76	0
55	0
711	0
131	0
157	0
185	0
116	0
73	0
16	0
177	0
57	0
219	0
954	0
6	0
37	0
86	0
2	0
125	0
86	0
188	0
877	0
341	0
0	0
6	37
9834	0
128	0
137	0
73	0
79	0
37	0
96	0
86	0
108	415
161	415
516	0
204	0
394	0
105	0
34	0
6	0
93	0
121	0
3699	0
21057	0
398	0
9101	0
180	0
57	0
83	0
54	0
2997	0
470	0
218	0
23	0
263	0
483	0
2531	0
0	0
290	0
1619	0
6507	5
321	0
503	0
138	0
21	0
26	0
185	0
74	0
286	0
2	0
55	0
87	0
6969	0
567	0
140	0
5667	0
33	0
161	0
2475	0
141	0
171	0
87	0
82	0
2	0
2	0
1318	0
58	0
2333	0
343	0
761	0
43	0
1347	0
7	0
20	0
5	0
593	17
0	0
560	17
9	0
0	0
58	0
1	0
197	0
24	0
82	0
153	0
0	0
1891	0
68	0
594	64
436	0
201	0
105	0
17	0
181	2
521	0
83	0
16	0
699	0
0	0
584	0
0	0
0	0
3217	0
189	0
374	0
24	0
0	0
1	0
2145	0
387	0
7	0
6	0
0	0
0	0
5070	0
0	0
82	0
85	0
69	0
1083	22
0	0
92	7
503	89
120	0
122	0
2229	0
290	0
631	0
449	1
627	0
54	0
495	0
145	0
203	0
13	0
256	0
25	0
12	0
0	0
35	0
0	0
191	0
0	0
126	0
0	0
132	0
82	0
8	0
1511	0
130	0
3	0
0	0
0	0
0	0
0	0
22	0
9	0
450	0
278	0
199	0
1091	1
11	1
0	0
28	0
1392	0
21	0
1152	0
90	0
62	0
184	0
10	0
424	0
2	0
344	0
889	0
2	0
3	0
0	0
833	0
73	0
178	0
9	0
13	0
22	4
4	0
2	0
15	0
1	0
12	4
1	0
189	0
64	0
34	0
150	0
340	0
705	0
512	0
0	0
771	0
223	0
51	0
415	0
232	0
141	0
513	0
107	0
17	0
106	0
3	0
539	0
45	0
101	0
10	0
110	0
133	0
37	0
42	0
483	0
525	0
25	0
271	0
282	0
1423	0
171	0
316	0
116	0
79	0
265	0
247	0
347	0
58	0
18	0
32	0
12071	0
508	0
79	0
750	0
25	0
11	0
0	0
5	0
0	0
9	0
0	0
0	0
44	0
361	0
233	0
553	0
41	0
0	0
0	0
1047	0
70	15
114	15
246	0
790	0
407	0
4222	0
515	0
20	0
246	0
1	0
0	0
314	0
621	0
2092	0
59	0
36	0
0	0
2	0
0	0
0	0
0	0
16	0
1	0
39	0
0	0
785	0
14	0
152	0
495	0
12666	0
6742	0
1417	0
4453	0
341	0
61	0
337	0
46	0
28	0
40	0
2851	0
109	0
482	0
524	0
0	0
550	0
2	0
392	4
299	0
270	0
44	0
38	0
1359	0
2521	0
14	0
1054	0
549	0
57	0
12	0
0	0
45	0
152	0
1638	0
1105	0
328	0
144	0
819	0
117	0
79	0
85	0
5	1
0	0
16	0
367	0
81	0
163	0
66	0
48	0
214	0
144	0
36	0
0	0
16	0
48	0
556	0
115	0
0	0
0	0
21	0
15	0
100	0
0	0
1	0
0	0
95	0
8	0
61	0
8	0
246	0
1172	0
234	0
114	0
302	0
717	0
139	0
3421	207
466	0
39	0
323	0
3422	0
1	0
272	0
779	0
761	0
822	0
176	0
0	0
120	0
468	0
923	0
93	0
63	0
483	0
454	0
579	0
28	0
149	4
318	0
0	0
8	0
74	0
86	1
1365	0
27	0
15	2
128	0
79	0
316	0
147	0
3159	0
32	0
26	0
10	0
121	0
132	0
62	0
191	0
406	0
14	0
419	0
307	0
392	0
519	0
275	0
106	0
871	0
14	0
142	0
40	0
0	0
72	0
27	0
54	0
1790	0
2637	0
4	0
110	0
96	0
19	0
31	0
0	0
0	0
8	1
2	1
0	0
2	0
0	0
0	0
0	0
8	0
167	0
269	0
3313	0
2361	0
7	0
387	0
6	0
1	0
59	0
120	0
142	0
257	0
734	0
128	0
71	0
1503	0
56	0
33	0
157	0
0	0
473	0
76	0
415	0
9	0
146	0
319	0
117	0
107	0
87	0
246	1
237	0
523	0
34	0
22	0
70	0
153	0
76	0
681	0
8	0
0	0
48	0
6	0
6	0
65	0
288	0
122	0
18	0
116	0
0	0
0	0
267	0
5	0
263	0
3	0
275	0
310	0
364	0
37	0
182	0
58	0
127	0
932	0
26	0
9	0
24	0
6	0
14	5
1	0
7	5
1327	0
36	0
24	0
103	0
6	0
0	0
3	0
229	0
2487	0
252	0
41	0
150	0
43	0
20	0
78	0
73	0
0	0
115	0
202	0
432	0
35	0
132	0
9	0
13	0
294	0
415	0
87	0
6699	0
191	0
1473	0
248	0
1	0
0	0
0	0
0	0
0	0
0	0
0	0
0	0
0	0
7	0
0	0
824	0
31	0
2	0
11	0
12	0
49	0
164	0
1038	0
43	0
53	0
2840	0
176	0
49	0
15	0
0	0
0	0
5	0
23	0
75	0
4	0
10	0
523	0
45	0
191	0
18	0
0	0
21	0
3	0
100	0
4	0
1	0
1	0
52	0
3	0
742	0
744	0
600	0
535	0
2	0
21	0
200	0
13	0
0	0
0	0
0	0
7	1
7	1
222	0
30	0
0	0
0	83
12	0
15	0
2	0
569	0
635	0
5210	0
56	0
36	0
0	0
0	0
266	0
110	0
42	0
95	0
0	0
217	0
119	0
0	0
83	0
28	0
19	0
175	0
102	52
0	0
1	0
10	2
154	39
1118	30
37	0
122	5
169	0
0	0
0	0
177	0
2	0
0	0
0	0
71	0
7	0
1	0
0	0
0	0
21	0
192	0
176	0
416	0
124	0
78	0
96	0
1006	0
197	0
73	0
19	0
78	0
1	0
2	0
9	0
0	0
0	0
0	0
0	0
14	0
1	0
6050	0
742	0
118	0
6	0
0	0
0	0
100	0
642	0
609	0
842	72
0	0
0	0
0	0
3	0
0	0
63	0
39	0
292	0
489	0
612	0
9	0
6706	0
254	0
293	0
224	0
128	0
166	0
1143	0
40	0
0	0
31	0
47	0
0	0
1134	0
22	0
199	0
245	0
77	0
54	0
1	0
43	0
124	0
40	0
1	0
114	0
142	0
7	0
3073	0
922	0
2524	67
539	0
64	118
12	0
1	118
149	0
0	0
28	1
35	0
78	0
74	0
53	0
72	0
3	0
175	0
4	0
15	0
20	0
135	0
526	0
10	0
0	0
140	0
142	0
25	0
124	0
132	0
159	0
0	0
0	0
0	0
452	1
2	0
1	0
67	0
4	0
213	0
605	0
1865	0
25985	0
1140	0
1308	0
31	0
20	0
7	0
6	0
6	0
36	0
458	0
638	0
109	0
28	0
334	0
11	0
112	0
159	0
677	0
44	0
305	0
2	0
273	0
42	0
71	0
1562	0
550	0
107	0
5	0
0	0
2	0
0	0
5	0
24	0
158	0
89	0
109	0
174	0
244	0
976	0
360	0
9	0
88	0
128	0
4839	0
402	0
126	0
15	0
212	0
0	0
22	0
58	0
60	0
1046	0
25	0
89	0
134	0
75	0
147	0
148	0
65	0
95	0
25	0
10	0
9	0
113	0
1235	0
1290	0
21	0
1	0
5	0
3	2
151	1
48	1
260	1
4	0
24	0
34	0
167	0
66	0
8	0
64	0
40	0
0	0
1346	0
0	0
0	1
0	1
0	0
0	0
0	0
0	0
0	1
0	0
1	0
0	0
0	0
0	2
0	0
0	0
0	4
1	0
0	0
0	0
0	0
0	0
0	0
0	0
0	1
0	0
0	1
4	0
17	25
23	8
17	8
57	25
606	0
17258	701
15144	701
158	0
204	0
82	0
1609	0
502	0
131	0
173	7
88	7
7	3
0	2
1	0
0	0
0	1
91	0
1800	0
95	0
226	0
13	0
23	0
32	0
70	0
105	0
1467	0
81	0
134	0
543	0
84	0
369	0
139	0
573	0
46	0
150	0
192	0
1187	0
721	0
831	0
62	0
5	0
297	0
79	0
188	0
0	0
0	0
0	0
3	0
0	0
0	0
215	0
191	0
213	0
133	0
598	0
1439	0
154	0
35	0
125	0
142	0
57	0
406	0
145	0
63	0
377	0
1	0
574	0
37	0
296	0
679	0
797	0
187	0
27	0
24	0
98	0
682	0
747	0
0	0
7	0
0	0
0	0
257	0
13	0
325	0
53	0
88	0
555	0
470	0
63	1
8	1
106	0
24	0
255	0
3305	0
35	0
189	0
0	0
0	0
9	0
0	0
3	0
0	0
0	0
3	0
174	0
5	0
62	0
119	0
180	0
89	0
257	0
73	0
0	0
0	0
8	0
29	0
38	0
295	0
49	0
100	0
0	0
293	0
10	0
301	0
8	0
55	0
1055	0
340	0
283	0
270	0
340	0
536	0
151	0
0	0
213	0
1891	0
30	0
1626	0
44	0
228	0
207	0
376	0
37	0
54	0
25	0
117	0
64	0
3	0
110	0
16	0
12	0
73	0
853	0
1705	0
793	0
444	0
285	0
221	0
465	0
318	0
37	0
183	0
697	0
15	0
75	0
7	0
60	0
9	0
805	0
14	0
28	0
0	0
36	0
30	0
212	0
847	0
388	0
0	0
85	0
8	0
12	0
11	0
234	0
73	0
227	0
12	0
3	0
203	0
4665	0
390	0
65	0
85	0
38	0
20	0
41	0
44	0
70	0
139	0
226	0
2	0
11	0
138	0
1	0
0	0
10	0
413	0
15	0
0	0
327	0
678	0
28	0
8	0
146	0
4	0
741	0
18	0
0	0
6	0
0	0
62	0
150	0
43	0
13	0
344	0
556	0
544	0
1	0
194	0
24	0
8	0
0	0
11	0
330	0
63	0
71	0
143	0
986	0
675	0
339	0
147	0
11	0
0	0
18	0
0	0
73	0
5	0
258	0
0	0
5945	0
922	0
70	0
36	0
713	0
50	0
6	0
4	0
114	0
1988	0
0	0
323	0
1955	0
75	0
219	0
187	0
8	0
0	0
0	0
0	0
15	0
29	0
61	0
2462	0
100	0
137	0
224	0
21	2
67	0
210	0
101	0
38	0
301	0
15	0
173	0
4	0
5	0
0	0
469	0
136	0
472	0
781	0
347	0
51	0
0	0
44	0
755	0
1497	0
12	1
470	0
20	0
63	0
0	1
5	0
63	0
2587	0
41	0
31	0
4473	0
176	0
13	1
85	0
91	0
125	0
0	0
0	0
10	0
35	0
23	0
0	0
0	0
2	0
433	0
561	0
1078	0
381	0
115	0
53	0
182	0
147	0
50	0
12	0
191	0
879	0
448	0
710	0
52	0
360	0
236	14
34	0
152	14
8	0
0	0
0	0
647	0
93	0
5	0
3780	0
0	0
1	0
41	0
4	0
776	0
5175	0
271	0
0	0
1	0
1	0
9	0
8	0
249	1
208	0
104	0
61	0
92	0
110	0
100	0
107	0
0	0
0	0
8	0
1429	0
406	0
7	0
0	0
74	0
10	0
818	0
192	0
64	0
71	0
42	0
509	0
62	0
3111	0
2077	0
342	0
263	0
55	0
1	0
203	0
66	0
390	0
4133	316
1	0
85	0
817	0
19	0
134	0
22	0
22	0
0	0
20	0
0	0
0	0
324	0
56	0
92	0
115	0
798	0
18	0
602	0
12	0
0	0
88	0
53	0
80	0
635	0
355	0
129	0
0	0
1197	0
34	0
2007	0
2	0
4	0
0	0
0	0
2	0
0	0
50	0
0	0
0	0
0	0
0	0
510	0
270	17
60	0
786	0
0	0
13	0
26	0
75	0
133	0
305	0
244	0
2520	0
255	0
592	0
6194	0
1242	0
166	0
0	0
3	0
0	0
49	0
2006	0
79	0
52	0
2750	0
262	0
19	0
666	0
0	0
4	0
0	0
37	0
19	0
152	0
18	0
93	0
7	0
62	0
166	0
4643	0
54	0
79	0
45	0
746	0
51	0
556	0
570	0
7	0
106	0
1	0
35	0
41	0
14	0
2	0
15	0
5	0
187	0
329	0
136	0
115	0
131	0
76	0
0	0
240	0
75	0
84	0
28	0
8	0
31	0
57	0
236	0
5	0
53	0
2089	0
0	0
0	0
0	0
0	0
0	0
0	0
0	0
0	0
0	0
0	0
0	0
0	0
0	0
0	0
0	0
0	0
0	0
0	0
0	0
0	0
0	0
7	0
25	0
0	0
0	0
80	0
80	0
60	0
440	0
45	0
38	0
68	0
80	0
96	0
504	0
306	0
102	0
35	0
106	0
0	0
0	0
88	0
517	0
106	0
3209	0
20	0
108	0
21	0
1424	0
19	0
622	0
26	0
47	0
151	0
9	0
13	0
0	0
0	0
0	0
0	0
2	0
0	0
164	0
62	0
34	0
0	0
28	0
16	0
0	0
4	0
0	0
52	0
0	0
124	0
228	0
0	0
0	0
0	0
0	0
298	0
1	0
267	0
1026	0
121	0
0	0
294	0
279	0
1	0
0	0
0	0
0	0
0	0
343	0
40	0
20	0
557	0
22	0
630	0
2213	0
275	0
580	0
260	0
169	0
178	0
886	0
64	0
2309	0
65	0
7	0
56	0
226	0
14	0
39	0
74	0
3	0
14	0
0	0
10	0
4	0
5967	0
183	0
21916	0
213	0
0	0
22	0
54	0
860	0
392	0
2338	0
35	0
37	0
0	0
0	0
0	0
15	0
0	0
0	0
0	0
539	0
412	0
803	0
34	0
186	0
129	0
707	0
348	0
1364	0
2932	0
529	0
204	0
12	0
49	0
169	0
386	0
953	0
112	0
36	0
2	0
17	0
63	0
1	0
0	0
52	0
122	0
92	0
908	0
1021	0
360	0
629	0
33	0
182	0
50	0
313	0
2	0
0	0
1	0
1235	0
1716	0
375	0
112	0
37	0
362	0
11018	0
0	0
39	0
0	0
554	0
259	0
88	0
383	0
44	0
581	0
39	0
4	0
2	0
2	0
0	0
195	0
10	0
9813	3259
0	0
258	0
97	0
117	0
96	0
41	6
0	0
1891	0
149	0
232	0
413	0
4	0
0	0
12	0
4	0
41	0
141	0
23	0
982	0
101	0
909	0
1926	0
21	0
6	0
336	0
4	0
0	103
26	103
129	0
2036	0
62	0
4385	0
899	0
123	0
867	0
157	0
0	0
42	0
12	0
35	0
233	0
1065	0
542	0
94	0
647	0
890	0
149	0
176	0
251	0
127	0
1029	0
34	0
72	0
63	0
1028	0
1458	0
1065	0
28	0
291	1
271	0
665	0
165	0
1120	0
242	0
20	0
2182	0
595	0
396	0
11	0
8	0
268	0
20	0
293	0
2638	0
1260	0
1718	0
7	0
36	0
667	0
232	0
39	0
90	0
84	0
504	0
132	0
33	0
8842	0
2843	0
637	0
16	0
12	0
6	0
63	0
1	0
46	0
672	0
37	0
10	0
1111	0
5	0
234	0
7	0
0	0
97	0
178	8
0	8
4594	0
4415	0
164	0
0	0
54	4
264	0
0	0
370	0
121	0
27	0
76	0
386	0
24	0
4	0
0	0
0	0
35	0
207	0
4	1
9	1
0	0
0	0
34	1
11	1
23	1
9	0
0	0
0	0
332	0
876	0
28	0
9	0
115	0
252	0
72	0
304	0
209	0
28	0
3583	0
987	0
6	0
0	0
0	0
0	0
11	0
3236	0
4733	0
45	0
3	0
1396	0
37	0
550	0
310	0
156	0
7	0
0	0
0	0
47	0
1	0
575	0
9	0
1356	0
166	0
219	0
570	0
102	0
7	0
114	0
124	0
16	0
63	0
158	0
270	0
1	0
81	0
214	72
237	0
186	0
1971	0
14	0
20	0
13	0
18	0
0	0
133	0
0	0
1	0
470	0
37	0
595	0
1412	0
1736	0
288	0
427	0
0	0
0	0
6	2
22	2
10	0
17	0
6	0
213	0
1314	0
298	0
235	0
31	0
34	0
30	0
63	0
6	0
45	0
33	0
8	0
64	0
808	0
700	0
22	0
24	0
28	0
63	0
131	0
4	0
0	0
0	0
0	0
0	0
0	0
5	0
0	1
0	0
0	0
0	1
22	0
0	0
0	0
0	2
0	0
0	0
13	0
0	0
0	0
0	0
1	4
0	0
0	0
0	0
2	4
22	0
20	0
68	0
172	9
39	3
68	4
1	0
4	0
15	0
70	0
67	2
4	9
21	0
2	0
2	0
14	9
21	4
0	3
0	0
2	0
2	0
903	0
138	0
22	2
3	15
0	2
116	2
17	15
168	185
17	2
30	0
247	0
6	0
31	0
7	2
5	2
1	0
14	0
20	0
8	0
15	0
11	27
110	27
118	0
11	0
199	0
12	0
18	0
55	0
111	0
12	0
11	0
23	0
3	0
24	0
46	0
4	0
699	0
90	3
0	0
0	0
4	3
0	0
43	0
668	0
47	0
18	0
9	0
0	0
0	0
0	0
1889	0
97	0
189	0
222	0
508	0
267	0
19	0
275	0
197	0
49	0
9517	0
13	0
1534	0
623	0
423	0
438	0
368	0
74	0
0	0
0	0
43	0
5	0
44	0
96	0
53	0
91	0
3046	0
780	0
317	0
869	0
3063	0
369	0
31	0
148	0
247	0
147	0
262	0
1993	0
7	0
9	0
0	0
64	0
0	0
18	0
3	0
0	0
5	2
3	2
0	0
50	0
1395	0
205	0
70	0
140	0
75	0
1174	0
218	0
27	0
58	0
1773	0
419	0
432	0
800	0
435	0
166	0
19	0
8	0
0	0
2	0
166	0
92	0
1229	0
191	0
292	0
2603	0
51	0
2574	0
570	0
364	0
0	0
127	0
1687	0
313	0
765	0
39	0
2	0
6	0
0	0
0	0
1	0
846	0
2736	0
436	0
610	0
45	0
1700	0
286	0
148	0
27	0
48	0
306	0
17	0
237	0
273	0
4462	0
1647	0
282	0
0	0
0	0
4	0
0	185
1346	185
707	0
492	0
11	1
96	0
39	0
444	0
3	4
2	1
3	0
1701	0
194	0
58	0
2	0
160	0
52	0
175	0
8432	0
7	0
2261	0
945	0
315	1
825	0
70	0
68	0
5960	0
240	0
797	0
1519	0
4	0
0	0
55	1
3	0
337	0
317	0
57	0
4	0
25	0
5	0
0	0
4912	0
15	0
49	0
60	0
49	0
265	0
310	0
235	0
0	1
48	1
72	0
12214	0
10	0
12	0
44	0
33	0
0	0
85	0
180	0
982	0
82	0
980	0
497	0
239	0
57	0
90	0
19	0
344	0
36	0
205	0
285	0
165	0
79	0
8	0
1107	0
79	0
579	0
7	0
978	0
686	0
4381	0
347	0
355	0
24	0
52	0
36	0
0	0
151	0
0	0
18	0
50	0
59	0
7	0
21	0
2	0
6	0
2	0
392	0
352	0
0	0
43	0
1109	0
461	0
92	0
102	0
0	0
1844	0
745	0
16	0
87	0
1294	0
505	0
121	0
8	0
156	0
15	0
87	0
464	0
971	0
302	0
174	0
410	0
225	0
98	0
56	0
117	0
9593	0
0	0
897	0
84	0
854	0
261	0
108	0
256	0
64	0
9	0
127	0
79	0
11	0
2	0
1715	0
0	0
84	0
191	0
2	0
0	0
0	0
104	0
694	0
313	0
0	0
31	0
6	0
59	0
938	0
18	0
0	0
0	0
0	0
0	0
0	0
0	0
0	0
1	0
0	0
0	0
0	0
0	0
0	0
3	2
0	0
0	0
0	0
0	0
4	0
14	2
369	0
22	0
49	0
624	0
0	0
0	0
0	0
0	0
0	0
0	0
0	0
0	0
266	0
261	0
401	0
263	0
39	0
75	0
651	0
8	0
31	0
628	0
160	0
151	0
39	0
0	0
325	0
17	0
0	0
0	0
0	0
49	0
0	0
0	0
0	0
6	0
23254	0
900	0
26	0
31	0
243	0
4	0
145	0
3	0
22	0
43	0
196	0
64	0
1573	0
13	0
96	0
407	0
60	0
42	0
405	0
30	0
42	0
270	0
36	0
340	0
78	0
35	0
677	0
12	0
27	0
42	0
32	0
0	0
2	0
1	0
0	0
14	0
2	0
156	0
303	0
9	0
11	0
20	0
1	0
166	0
23	0
39	0
122	0
66	0
6	0
252	0
21	0
0	0
105	0
580	0
20	0
76	0
0	0
0	0
0	0
90	0
972	0
1097	0
56	0
301	0
244	142
33	0
8	0
4	0
39	0
841	0
15	0
3554	0
153	0
796	0
96	0
342	0
589	0
641	0
304	0
201	0
1416	0
229	0
1624	0
83	0
126	0
46	0
0	0
274	0
6562	0
209	0
1262	0
0	0
0	0
0	0
0	0
0	0
0	0
1353	0
89	0
3978	0
159	0
5415	0
35	64
457	0
323	0
242	0
0	0
5	0
0	0
596	0
0	0
0	0
64	0
972	0
0	0
23	0
0	0
0	2
282	0
10	0
38	0
308	0
14601	0
18	0
18	0
227	0
142	0
259	0
4263	0
1	3
178	0
815	0
77	0
252	0
793	19
7	19
58	0
594	0
219	0
91	0
71	0
44	0
12	0
736	0
335	0
526	571
155	0
6	0
21	0
192	0
48	0
306	0
44	0
22	1
11	1
1410	0
2455	0
1067	0
32	0
82	0
1	3
12	0
197	0
187	22
1856	0
1820	0
270	0
319	0
29	0
0	0
6	0
73	0
102	1
1574	0
121	0
179	0
188	0
350	0
68	0
1583	0
1032	0
0	0
46	0
8	0
324	0
773	0
0	0
94	0
51	0
137	0
2	0
145	0
0	0
190	0
31	0
5	0
300	0
0	0
6	0
0	0
0	0
0	0
12	0
36	1
120	0
1	1
738	0
76	0
267	0
363	0
58	0
1382	0
71	0
11	0
1220	0
72	0
0	0
925	0
244	0
51	0
684	0
0	0
1	0
88	0
88	0
3335	0
51	0
393	0
432	0
7	0
6	0
33	0
345	0
1887	214
12	0
11	0
1	0
6	0
75	0
152	481
468	0
61	0
1200	0
53	0
35	0
1516	0
363	0
626	0
29	0
4	0
0	0
87	0
6	0
0	0
128	0
80	0
9	0
15	0
79	21
95	21
2823	0
799	0
0	0
15	0
30	0
298	0
5	0
109	0
30	0
24	0
67	0
244	0
105	0
96	0
48	0
1309	0
355	0
531	0
205	0
51	20
408	0
44	0
686	0
880	0
10	0
27	0
429	0
91	0
221	0
5	0
40	0
24	0
245	0
55828	0
16	0
26033	0
38	3
93	14
314	0
163	54
178	0
4096	0
42	0
30	0
5	0
240	0
103	0
685	0
175	0
712	0
191	0
265	0
16	0
25	0
0	0
169	0
50	0
22	0
811	0
26	0
29	0
4832	0
296	0
4	0
302	0
0	0
0	0
11	0
0	0
0	0
0	0
0	0
0	0
0	0
0	0
0	0
0	0
0	0
0	0
0	0
0	0
0	0
0	0
0	0
0	0
0	1
0	1
10	1
1	0
2	1
0	1
0	0
0	0
0	0
0	1
0	0
0	0
0	0
0	0
0	0
0	4
0	4
0	1
29	0
1213	0
11492	0
5	3
3688	0
21	0
469	0
0	93
287	93
149	0
1010	0
41	15
146	78
2278	0
369	0
69	0
760	0
4	0
25	0
4	0
803	0
2241	0
81	0
93	0
213	415
0	2
1554	415
4	2
461	0
445	0
55	0
2501	0
111	0
179	0
2946	0
5955	0
36	0
126	0
1266	0
29	0
375	131
3100	209
149	0
358	0
30	0
3880	0
2867	0
2166	0
4507	0
21	114
81	0
159	0
48	0
60	0
81	0
151	0
191	0
0	0
44	0
105	0
9270	0
2131	0
38	0
660	0
338	0
339	0
34	0
3	0
0	4
782	0
113	0
80	0
259	0
2009	0
219	0
270	0
224	0
97	0
911	0
25	0
377	0
317	0
38	0
46	0
505	0
285	0
232	0
113	0
2677	0
125	0
2806	0
252	0
691	0
0	0
70	0
6	0
5	0
203	0
2789	0
1881	428
842	0
427	0
328	0
1136	0
1213	0
1	0
13	0
124	0
542	0
1103	0
75	242
4	242
37	0
119	0
0	0
0	0
18	0
0	0
147	0
141	0
37	0
0	0
761	0
68	0
47	0
5171	0
3	0
606	0
2906	0
1920	0
0	0
0	0
29	0
6320	0
1065	0
13	0
64	0
374	0
51	229
24	0
70	0
161	0
776	0
354	0
822	0
103	0
7	0
684	0
677	0
542	0
1444	0
143	0
477	0
17	0
91	0
19	0
166	0
51	0
88	7
1	1
387	0
28	0
82	0
6	0
1234	0
680	0
0	0
46	0
843	0
2931	0
1	0
1	0
19	0
7	0
902	0
2116	0
428	0
79	2
5363	0
282	0
3	0
5	0
2582	0
156155	0
88785	0
345	0
41496	0
134042	0
1696	0
25584	0
20659	0
950	0
1014	0
61076	0
4651	0
4	0
39	0
1	0
45	9
560	0
0	0
2	0
81	0
34	0
65	0
138	0
0	0
1159	0
230	0
4	0
0	0
11	0
6	0
45	0
489	0
0	0
0	0
170	0
2	0
6	0
38	0
9	5
0	0
31	0
0	0
2	0
9	0
7	0
2	4
6	6
3	0
144	0
337	0
1448	0
1	0
1328	0
2212	0
118	0
0	0
2	0
1	0
33	3
0	0
0	0
0	0
244	0
0	0
8	5
101	30
55	39
10	2
15	49
0	0
559	82
20	35
1	0
897	0
76	0
7	0
2	0
1	0
0	70
0	0
0	0
0	0
485	0
64	0
0	0
415	0
23	0
0	0
431	0
100	0
0	0
0	0
0	0
0	0
28	0
4	1
0	1
0	0
0	24
89	375
323	0
1004	0
1548	0
333	0
4483	0
831	0
515	0
21	0
285	0
16	0
925	0
2015	0
209	0
83	0
0	1209
0	0
130	0
0	0
15	13
45	0
0	2
0	0
0	0
159	0
759	190
5	0
0	0
0	0
55	0
0	7
22	10
428	0
4	0
2	0
9	0
11	0
3	0
1	0
9	12
21	147
0	0
0	0
2	38
3	0
0	0
0	0
0	0
61	6
103	22
9	7
0	0
200	0
0	19
0	0
0	0
39	13
0	0
0	0
0	0
19	19
30	51
0	0
0	0
90	0
1924	5565
0	3
0	0
0	1
19	23
1776	581
19	0
992	135
6	15
10	0
0	0
0	1
0	1
494	0
2	1
0	0
205	172
11	2
0	4
0	29
0	2
0	83
4	0
3	2
0	0
2	3
0	0
13	0
3	0
0	7
5	7
0	0
428	0
21	18
135	243
10	0
0	82
6	0
11	0
2155	0
1	0
5064	0
16	15
0	1
0	0
24	12
97	12
1	0
207	268
3	804
0	0
12	1
10	20
81	229
534	1
35	2
0	0
0	3
72	0
0	0
745	3470
73	23
284	9
63	481
89	0
0	16
681	76
208	62
0	0
0	0
0	0
97	72
155	0
5	1
0	4
0	2
2	0
5	158
16	48
849	312
225	0
0	31
0	0
5	4
1	3
0	2
13	54
0	0
0	0
1	4
0	0
232	185
0	0
0	0
24	15
158	5003
0	571
0	0
0	0
0	0
145	82
286	0
56	72
27	4
11	118
0	0
0	0
20	9
14	10
27	139
275	530
68	0
2	0
0	32
13	0
2	0
235	11
0	1
294	224
5	9
51	0
88	2
0	1
21	19
11	26
16	14
0	0
0	0
47	4
0	196
2638	0
12	13
1	1
4	0
38	7
2	3
0	0
0	0
8	0
3	61
0	0
0	2
2	4
2	0
0	205
2	41
18	0
0	2
0	99
0	0
5	22
8	0
8	7
33	0
1	2
2	0
13	34
18	2
2134	214
4	78
0	15
0	0
0	2
48	2
22	9
0	0
51	4
819	428
37	11
0	0
34	0
1	0
64	187
6	37
0	0
0	0
11	0
2	0
3	3
0	0
43	45
0	0
16	3
262	132
0	0
8	0
0	0
0	0
0	21
6	0
0	0
0	0
8	3
135	400
20	1
0	147
610	50
0	1
0	2
1	1
91	214
0	20
1266	4
166	26
74	17
3	19
0	0
0	0
3	4
6	1
3	4
4	45
2	8
166	64
0	0
0	0
0	0
1	0
7	25
0	1
0	0
37	28
0	326
1	0
1	11
25	9
0	0
0	0
43	0
23	2
0	5
0	0
45	116
14	4
27	0
32	0
22	44
70	0
0	0
0	0
0	43
0	0
17	1
7	675
261	27
0	0
0	85
0	0
3	3
5	0
750	0
9	0
0	11
3	0
4	0
54	2
178	172
285	3
1	0
0	32
0	0
0	0
0	25
24	1
7	2
0	0
0	0
1	0
2	2
0	43
2	0
2	10
0	0
0	0
1	0
14	7
0	423
17	45
10	0
0	0
38	24
1	0
678	584
20	6
132	0
0	0
20	91418
0	11
267	7
17	6
2	28
2	0
6	0
0	428
20	43
5	22
0	0
0	0
6	1
0	12
0	1519
5	1
24	1
0	0
21	5
31	72
3	7
2	3
0	0
21	1
21	0
8	0
0	9
0	9
483	754
10	1
24	0
0	0
0	95
6	0
2	3
2	15
37	448
4	1
7	6
69	11
86	164
0	0
534	58
0	1
59	599
0	67
1	0
0	0
1	3
3	35
0	4
207	0
427	1
290	0
485	0
343	0
177	0
740	0
62	0
201	0
15	0
48	0
39	0
300	0
11	1
0	0
106	0
66	0
432	0
86	0
20	0
87	0
62	0
425	95
218	0
163	0
284	0
16	0
10	0
2	0
662	0
11	0
46	78
29	4
816	0
6	4
23	0
0	0
7	13
13	0
28	0
0	0
98	0
322	0
93	1
35	0
1	0
29	0
110	3
54	9
18	7
22	0
0	0
565	0
3	2
62	0
3	0
11	0
0	0
0	0
5	0
9	0
0	0
0	0
0	0
0	0
0	0
0	0
10	0
13	0
246	0
1	0
4	0
14	0
53	0
123	0
20	0
78	0
0	0
144	0
11	0
0	0
31	0
16	0
4745	0
272	0
2	0
32	0
411	0
118	0
68	0
25	0
421	0
6	0
0	0
102	0
9	0
84	0
96	0
3	0
4571	0
5	0
1176	0
89	0
0	0
7	0
0	0
56	0
0	2
0	0
47	0
12	0
276	0
98	0
279	0
0	0
0	0
0	0
88	0
985	0
366	0
3	0
5	0
17	0
16	0
180	0
3	0
16	0
162	0
1	0
0	0
0	0
0	0
14	0
9	0
3	0
231	36
103	0
497	0
46	0
362	0
25	11
102	0
283	0
0	0
0	0
0	0
2	0
1	0
3	0
69	0
0	0
32	0
180	0
178	0
3	0
443	0
1924	0
1833	0
4	0
458	0
16	0
2285	0
1	0
8	0
403	0
398	0
96	0
46	0
238	0
89	0
30	0
36	0
1	0
170	0
100	0
261	0
125	0
374	0
79	0
13892	0
93	0
0	1
0	1
283	0
87	0
37	0
0	0
249	0
0	0
0	0
0	0
294	0
7	0
18	0
66	0
22	0
182	0
34	0
108	0
29	0
18	8
40	0
113	0
0	0
170	0
230	0
15	0
2	0
0	0
0	0
0	0
211	0
0	0
368	0
119	0
22	0
0	0
0	0
0	0
7	0
0	0
0	0
1	0
29	0
66	0
5	0
842	0
227	0
33	0
95	0
16	0
23	0
158	0
106	0
73	0
7	0
171	0
2	0
15	0
32	0
5758	0
176	0
51	0
97	0
0	0
1	0
22	0
111	0
3	0
0	0
11	0
712	0
104	0
3	0
47	0
0	0
20	0
244	0
103	0
144	0
85	0
104	0
293	0
177	0
531	0
248	0
2	0
329	0
6	0
30	0
196	0
8	0
11	0
401	0
61	0
65	0
60	0
60	0
611	0
82	0
35	0
11	0
0	0
0	0
149	0
240	0
5	0
14	0
330	0
48	0
3	0
604	0
7916	0
93	0
0	0
41	0
432	0
0	0
109	0
145	0
68	0
72	0
271	0
145	0
5	0
59	0
10	0
76	0
379	0
1697	0
10	2
698	0
196	0
42	0
13	0
172	0
29	0
116	0
214	0
2	0
53	0
9	0
104	0
87	0
41	0
64	0
21	0
18	0
0	0
0	0
2	0
70	0
15	0
0	0
1	0
104	0
174	0
36	0
6	0
410	1
236	0
0	0
344	0
47	0
2	0
0	0
737	0
2	0
4	0
78	0
38	0
1	0
14	0
0	0
348	0
18	0
0	0
10	3
12	0
579	0
2484	0
0	0
232	0
12	0
376	0
0	0
3	2
0	0
13	0
764	0
11	0
6	0
0	0
9	0
0	0
107	0
425	0
120	0
63	0
0	0
64	0
363	0
71	0
101	0
217	0
58	0
1	0
103	0
41	0
31	0
202	0
643	0
0	0
75	0
3	0
124	0
3	1
108	0
355	0
152	0
1	0
3	0
0	0
0	0
0	0
0	0
0	0
0	0
0	0
320	0
270	0
0	0
209	0
45	0
4	0
0	0
263	0
90	0
301	0
72	0
0	0
0	0
1	0
0	0
0	0
0	0
89	0
130	0
2987	0
19	0
19	0
224	0
0	0
5	0
38	0
36	0
5	33
12	12
156	7
104	16
64	0
995	0
140	0
0	0
0	0
30	5
2933	0
78	0
128	0
428	0
14	0
76	0
410	0
129	0
69	0
56	6
0	0
11	0
150	0
1	0
2	0
68	0
30	0
134	0
63	0
688	0
613	0
0	0
1	0
0	0
114	0
8	0
216	0
16	0
0	1
1	0
2923	1
42	0
1	0
121	0
11	0
592	0
102	0
4990	0
271	0
2	0
8	0
37	1
0	0
9	0
4	0
0	0
280	0
137	0
69	0
318	234
282	234
52	0
0	0
16	0
1	0
2631	0
166	0
410	0
1050	0
5	0
92	0
86	0
1	0
29	0
30	0
1812	0
51	5
1	0
7	0
12	0
0	0
1209	0
2	0
0	0
0	0
3	0
1551	0
49	0
63	0
115	0
128	0
184	0
79	0
0	0
330	0
2	0
65	0
810	0
6	0
52	0
25	0
30	0
392	0
5	0
26	0
565	0
1600	0
27	0
117	0
2496	0
43	0
378	3
8	0
80	0
3	0
3	0
234	0
37	0
204	0
11	0
0	0
96	0
299	0
240	0
0	0
0	0
0	0
64	0
15	0
0	0
6	0
62	0
0	2
2	0
83	0
142	0
373	0
10	0
101	0
64	0
394	0
93	0
36	0
5	0
17	0
7	0
0	0
0	0
0	0
0	0
0	0
0	0
31	0
158	0
695	0
308	0
888	0
48	0
105	0
5	0
16	0
37	0
729	0
343	0
57	0
960	0
0	0
0	35
0	0
86	35
203	0
221	0
458	0
79	0
1	0
45	0
34	0
0	0
113	0
0	0
0	2
0	0
0	0
0	2
138	2
0	0
26	0
28	0
110	0
19004	16
347	0
339	0
1110	0
1163	0
111	0
1	0
0	0
110	0
296	0
173	0
56	0
59	0
0	0
47	0
1150	0
96	0
17	0
403	0
1	0
2	0
115	0
3	0
8	0
55	0
5672	0
39	0
36	0
245	0
116	0
62	0
0	0
0	0
0	0
60	0
31	0
595	0
6	0
17	0
161	0
69	0
32	0
1	0
6	0
1	0
0	0
0	0
378	0
166	0
821	0
14	0
27	0
252	0
80	0
115	0
0	0
0	0
0	0
120	2
206	0
96	0
475	0
0	0
0	0
0	0
0	0
18	0
16	5
1	0
533	0
18	0
1084	0
272	0
1297	0
83	0
3	0
86	0
42	0
48	3
27	0
0	0
0	0
327	0
9	0
5	0
177	0
10	0
18	0
3	0
0	1
2486	0
6	0
0	0
36	0
67	0
1	0
0	0
0	0
0	0
0	0
156	0
6	0
0	0
0	0
17	0
248	0
95	0
70	0
2	0
225	0
92	0
23	0
174	0
92	0
241	0
21	0
192	0
13	0
67	0
243	0
334	0
1891	0
199	0
0	0
0	0
63	0
240	0
0	1
91	0
527	1
627	0
287	0
55	0
70	0
352	0
6	0
0	0
134	0
0	0
0	0
0	0
2070	0
387	0
158	0
11	0
1274	0
28	0
12	0
25	0
0	0
188	0
47	0
1899	0
0	0
211	0
143	0
694	0
0	0
302	0
43	0
722	1
190	0
100	0
1509	0
0	0
0	0
0	0
0	0
0	0
0	0
45	0
0	0
0	0
7	0
10	0
156	0
194	0
13	0
53	0
78	0
170	0
127	0
1509	0
68	0
7	0
0	0
0	0
2	0
7	0
229	0
35	0
242	0
57	0
18	0
427	0
31	0
204	0
98	0
1371	0
639	0
2	0
1	0
370	0
116	0
151	0
41	0
651	0
3	0
0	0
16	0
18	0
155	0
632	0
0	0
50	0
872	0
56	0
46	0
631	0
276	0
182	0
0	0
3	0
10	0
0	0
100117	0
0	0
0	0
465	0
735	0
28	0
858	0
69	0
33	0
466	0
88	0
279	0
1987	0
289	0
298	0
0	0
2	0
71	0
106	0
1302	0
45	0
169	0
296	0
1893	0
12	0
17	15
54	0
0	0
201	0
1005	0
696	0
25	0
501	0
3	0
0	0
0	0
0	0
0	0
0	0
0	0
0	0
0	0
0	0
0	0
0	0
0	0
4	0
238	0
0	4
58	0
531	1
13054	0
105	0
0	0
8	0
43	0
126	0
159	0
78	0
82	0
16	0
5	0
561	0
25	0
13	0
42	0
21	0
1382	0
99	0
2333	0
0	0
55	0
74	0
106	0
365	0
527	0
420	0
185	0
452	0
1566	0
0	28
1438	0
414	0
47	0
0	0
253	0
57	0
91	0
1	0
0	0
3263	0
7	0
20	0
111	0
67	0
422	0
6	0
191	0
177	0
58	0
254	0
0	0
69	0
29	0
25	0
8	0
100	0
303	0
319	0
59	0
871	0
43	0
31	0
0	0
0	0
0	0
11	0
0	0
722	0
261	0
14	0
427	0
88	0
800	2
43	3
35	3
0	0
52	0
1	0
0	0
0	0
6	0
0	0
144	0
3	0
169	0
145	0
25	0
667	0
0	0
0	0
37	0
115	42
2	0
54	0
1306	0
3	0
1	0
0	0
22	0
84	0
614	0
1045	0
99	0
54	0
100	0
38	0
860	0
3	0
1	0
118	0
240	0
403	0
63	0
46	0
1191	0
134	0
616	0
11	0
926	0
35	0
285	0
134	43
7	0
861	0
947	0
6	0
152	0
447	0
0	0
1	0
9	0
1335	0
634	0
449	0
5	0
3472	0
1134	0
6	0
1370	0
5564	0
593	0
59	1
769	0
281564	0
1	43
227	0
25665	0
378	0
632	0
9	0
27	1
3	16
0	3
1094	0
1610	0
0	21
578	0
748	0
3795	0
14	0
